Word	General_Election-BIDEN	Primary_Republicans-HUCKABEE	Primary_Republicans-BROWNBACK	Primary_Republicans-MCCAIN	Primary_Democrats-CLINTON	Primary_Democrats-DODD	Primary_Democrats-GRAVEL	Primary_Republicans-TANCREDO	Primary_Republicans-SENTHOMPSON	Primary_Republicans-GILMORE	Primary_Republicans-GOVTHOMPSON	Primary_Republicans-ROMNEY	General_Election-PALIN	Primary_Democrats-RICHARDSON	Primary_Democrats-OBAMA	Primary_Democrats-EDWARDS	General_Election-OBAMA	Primary_Democrats-BIDEN	Primary_Democrats-KUCINICH	Primary_Republicans-KEYES	Primary_Republicans-HUNTER	General_Election-MCCAIN	Primary_Republicans-GIULIANI	Primary_Republicans-PAUL	Shared
and	0	0	0.40097	0	0	0	0	0	0	0.367054	0	0.425208	0	0	0	0	0	0	0	0	0	0	0	0	3
for	0	0	0	0	0	0	0	0	0	0	0	0.425208	0	0	0	0	0	0	0	0	0	0	0	0	1
will	0	0	0	0	0	0	0	0	0	0	0	0	0	0	0	0	0	0	0	0	0	0	0.241565	0	1
one	0	0	0	0	0	0	0	0	0.42055	0	0	0	0	0	0	0	0	0	0	0	0	0	0	0	1
new	0.357934	0.298664	0	0.419904	0.410645	0.31107	0.393841	0	0.450919	0.299803	0	0.410825	0	0.470032	0.267479	0.314696	0	0	0.257251	0.403272	0.363126	0.552024	0.894257	0	17
two	0	0	0	0	0	0	0	0	0	0	0	0	0	0	0	0	0	0	0	0.327534	0	0	0	0	1
people	0.455645	0.940482	0.952342	0.740608	0.966631	0.694541	0.913539	0.762707	0.925501	0.780674	0.793069	0.947809	0.688795	0.845923	0.881566	0.738698	0.477562	0.894301	0.722356	0.933975	0.697106	0.681981	0.359168	0.722973	24
percent	0	0	0.702382	0	0	0	0	0	0	0	0.483553	0	0	0.762873	0	0	0.380836	0	0	0	0.558302	0	0.242083	0	6
government	0	0.751836	0.753667	0.721754	0.269756	0	0	0.8356	0.699701	0.412354	0.411826	0.36013	0.286333	0.274219	0.181827	0.27368	0.174373	0	0	0	0	0.219399	0.355628	0.542796	17
time	0.365904	0	0.704315	0.347069	0.542708	0	0	0.552259	0.868418	0	0.441543	0.568247	0.550253	0	0.258153	0	0.362134	0.687344	0.504	0	0	0.586075	0	0.285337	15
years	0	0	0	0	0	0	0	0	0	0	0	0	0	0	0	0	0	0	0	0.327534	0	0	0	0	1
world	0	0	0.703194	0	0.511916	0	0.415962	0.549605	0.750773	0.302222	0.408163	0.573995	0	0	0	0.458291	0	0.585947	0	0	0.487305	0	0	0.228963	12
president	0.294426	0.865996	0.715733	0.945552	0.837524	0.905785	0.859645	0.797236	0.649738	0.287741	0.632985	0.667943	0.234712	0.834783	0.515899	0.783937	0.431125	0.834249	0.861548	0.416215	0.556895	0.268555	0.47978	0.499001	24
state	0	0	0.721709	0.31285	0	0	0	0.545887	0.773346	0	0.410255	0.493827	0.578968	0.769226	0	0	0	0	0	0	0.69757	0	0	0	9
against	0	0	0	0	0	0	0	0	0	0	0	0	0	0	0	0	0	0	0	0	0	0.219399	0	0	1
u.s.	0	0	0.712858	0	0	0	0	0	0	0	0	0	0.317868	0.266214	0	0	0	0	0	0	0.274821	0	0	0	4
united	0.366213	0.497881	0.750358	0.81046	0.43328	0.743913	0.589483	0.93496	0.747119	0.726682	0.730688	0.414443	0.265142	0.445383	0.338833	0.569383	0.228898	0.569002	0.406397	0.699775	0.722525	0.435928	0.624183	0	23
states	0.366213	0.497881	0.750358	0.81046	0.43328	0.743913	0.589483	0.93496	0.747119	0.726682	0.730688	0.414443	0.265142	0.445383	0.338833	0.569383	0.228898	0.569002	0.406397	0.699775	0.722525	0.435928	0.624183	0	23
city	0	0	0.714143	0.335508	0.410645	0	0	0	0	0	0	0	0	0	0	0	0	0	0	0	0	0	0.894257	0	4
national	0	0.400454	0.40097	0.640395	0	0.43334	0.347771	0.604452	0.766113	0.367054	0.373949	0	0	0	0	0	0.371177	0	0	0.626836	0.603023	0.213912	0	0	13
day	0	0	0	0	0	0	0	0	0.42055	0	0	0	0	0	0	0	0	0	0	0	0	0	0	0	1
country	0	0.702832	0.893532	0.348143	0.540707	0.757723	0.429795	0.675321	0.788363	0.306103	0.55637	0.611644	0.544977	0.86237	0.413791	0.573664	0	0.593534	0.513554	0.610477	0.564593	0.551605	0	0.417806	21
china	0	0	0	0	0	0.479397	0.309824	0.356615	0	0.276832	0	0	0	0.288405	0.193797	0.230088	0	0.383873	0.389339	0	0.477019	0.250527	0	0.33238	12
war	0.351635	0	0	0	0.538142	0	0.577297	0	0.706687	0	0	0	0.553515	0.835106	0	0.477777	0	0.751327	0.709287	0	0.487305	0	0	0.365491	11
south	0	0	0	0.365082	0	0	0	0	0	0	0.349322	0	0	0	0	0	0	0	0	0	0	0	0	0	2
american	0	0.439228	0.40097	0.666011	0.499985	0.421564	0.618113	0.297197	0	0.403645	0.707396	0.520433	0.688795	0.845923	0.22954	0.729725	0.445076	0.621274	0.70377	0.731169	0.581037	0.630831	0.355628	0	21
international	0	0	0.693017	0	0	0	0	0	0	0.340734	0	0.425208	0	0	0	0	0	0	0	0	0	0	0	0	3
high	0	0	0	0	0	0	0.401021	0	0	0	0	0	0	0.710341	0	0	0	0	0	0.530322	0	0	0	0	3
end	0	0.419546	0	0	0	0	0.397173	0	0	0	0	0	0	0	0	0	0	0.61745	0	0	0	0	0	0	3
work	0	0	0.690153	0	0	0	0	0	0	0	0	0	0	0	0.289432	0	0	0	0	0	0	0	0	0	2
home	0	0	0	0.314735	0	0	0	0	0	0	0	0	0	0.697768	0.284981	0	0	0	0.605438	0	0	0.573796	0	0	5
school	0	0	0	0	0	0	0.401021	0	0	0	0	0	0	0.710341	0	0.468488	0	0.59452	0	0	0	0	0	0	4
party	0	0.351121	0.391458	0	0.26619	0	0.301066	0.33852	0	0	0.384203	0.330717	0	0	0.237606	0.25639	0	0	0	0.486595	0.294724	0	0	0.480108	12
house	0	0.301253	0	0	0.36509	0.396931	0	0.303099	0	0	0	0	0.23168	0	0.217655	0.256707	0	0	0.315634	0	0	0	0	0	8
long	0	0	0.702234	0	0	0	0	0	0.868418	0	0.390821	0	0	0	0	0	0	0	0	0	0.321585	0	0	0	4
military	0	0	0	0.292984	0	0.40319	0	0	0	0	0	0	0	0	0	0	0	0	0	0	0	0	0	0	2
way	0.353251	0.436106	0.828977	0.391761	0.598239	0	0	0.638173	0	0.296782	0.389512	0.481631	0	0	0	0.482863	0	0.700583	0.454496	0	0.606492	0.555146	0.240626	0.24775	16
north	0	0	0.331998	0	0	0	0	0	0	0	0	0	0.195659	0	0	0.283399	0.188535	0	0	0	0	0	0	0	4
security	0	0.400454	0	0.303554	0.555605	0.43334	0.313531	0.604452	0.781418	0.367054	0.751421	0	0	0.748789	0.303657	0.465051	0.371177	0	0	0.555339	0.603023	0.557095	0	0.298404	17
york	0	0.298664	0	0.335508	0.410645	0	0.393841	0	0.450919	0	0	0.340869	0	0	0	0	0	0	0	0	0	0	0.894257	0	7
public	0	0	0	0	0	0	0.477932	0.571361	0	0	0	0	0	0	0	0.466402	0	0.651725	0.259114	0	0	0	0	0	5
early	0	0	0	0	0	0.422506	0	0	0	0	0	0	0	0	0	0	0	0	0	0	0	0	0	0	1
court	0	0	0	0	0.254944	0	0	0	0	0	0	0	0	0.280913	0	0	0	0.342541	0	0	0	0	0.286659	0	4
foreign	0.370796	0	0.299317	0	0	0.319103	0	0	0.806379	0	0	0	0	0.931792	0.447373	0	0	0.639593	0	0	0	0	0	0.904053	8
political	0	0	0.951334	0	0	0	0.399424	0	0	0	0	0	0	0	0	0	0	0	0	0.546912	0	0	0	0	3
market	0	0	0	0	0	0	0	0	0	0	0	0.481631	0	0	0.18398	0	0	0	0	0	0	0.548681	0	0	3
family	0	0	0.753253	0	0	0	0	0	0	0	0	0	0	0	0	0	0	0	0	0	0	0	0	0	1
life	0	0.404134	0.801463	0	0	0	0	0	0	0	0	0.575438	0	0	0	0	0	0	0	0.52811	0	0	0	0	4
general	0	0	0	0.3321	0.272971	0.370765	0	0.308795	0	0.421295	0	0	0.217124	0	0.18996	0	0	0	0	0	0	0.230555	0.274876	0	9
good	0	0	0.726777	0	0.469646	0	0	0.551768	0.777907	0.346401	0.429116	0.48748	0.546508	0	0	0	0	0	0	0	0	0	0	0	8
university	0	0	0	0	0	0.318276	0	0	0	0	0	0	0	0	0	0.248497	0.192649	0	0	0	0	0.228099	0	0	4
number	0.363357	0	0.70513	0	0	0	0	0.547425	0.777907	0	0	0.497083	0	0	0	0	0	0.838802	0	0	0	0	0	0	6
major	0	0	0	0	0	0.420812	0	0	0	0	0	0	0	0	0	0	0	0	0	0	0	0.557689	0	0	2
six	0	0	0	0	0	0	0	0	0	0	0	0	0	0	0	0	0	0	0	0.327534	0	0	0	0	1
dollars	0	0	0	0	0	0	0	0	0	0	0	0	0	0	0	0	0	0	0	0	0.517947	0	0	0	1
bank	0	0	0	0	0	0	0	0	0	0	0	0	0	0	0.193797	0	0	0	0	0	0	0	0	0	1
iraq	0.261085	0	0.944425	0.662123	0.496331	0.645646	0.395869	0.56833	0.503096	0.461026	0.458498	0.469743	0.314249	0.669209	0.242978	0.543542	0.216083	0.822288	0.806111	0.499934	0.789622	0.306289	0.287525	0.528941	23
area	0	0	0	0	0	0	0	0	0	0	0.386677	0	0	0	0	0	0	0	0	0	0	0	0	0	1
official	0	0	0	0	0	0.319082	0.309653	0	0	0	0	0	0	0	0	0	0	0	0	0	0	0	0	0	2
place	0	0	0.844433	0	0	0	0	0	0	0.293844	0	0.495804	0	0	0	0	0	0	0	0	0	0	0	0	3
based	0	0.384098	0	0	0	0	0	0	0	0	0	0	0	0	0	0	0	0	0	0	0	0	0	0	1
times	0	0	0	0	0	0	0.393841	0	0	0	0	0	0	0	0	0	0	0	0	0	0	0.563981	0	0	2
right	0	0	0	0	0	0	0	0.551816	0.697557	0	0	0.512498	0	0	0	0	0	0	0	0	0.606492	0	0	0	4
local	0	0	0	0	0	0	0	0	0.715038	0.326208	0	0	0	0	0	0	0	0	0	0.526183	0	0	0	0	3
economic	0	0	0.703883	0	0	0	0	0	0	0	0	0	0	0.708467	0.300682	0	0.350303	0	0	0.52811	0	0.563981	0	0	6
best	0	0	0.714959	0	0.52481	0	0	0	0.897958	0	0	0	0	0	0	0	0	0	0	0	0	0	0	0	3
business	0	0.45658	0	0	0	0	0	0	0	0.294534	0	0.510267	0.54564	0	0	0	0	0	0	0	0	0.592837	0	0	5
law	0	0	0	0	0	0	0	0	0	0	0	0	0	0	0	0	0	0	0	0	0.502688	0	0	0	1
women	0	0	0	0	0	0	0	0	0	0	0	0	0	0	0	0	0	0.60072	0	0	0	0	0	0	1
power	0	0	0	0.387082	0	0	0	0	0	0.423909	0	0	0	0	0	0	0	0	0	0	0	0.606739	0	0	3
children	0	0	0	0	0	0.384577	0	0	0	0	0	0	0	0	0	0.484951	0.349261	0	0	0	0	0	0	0	3
bush	0.294426	0.418338	0	0.410869	0.378238	0.377991	0.413669	0.281816	0.477554	0	0	0	0.194014	0.383195	0.330678	0.605289	0.323196	0.392637	0.447167	0.416215	0	0.262611	0.321863	0.305533	19
chief	0	0	0.31932	0	0	0	0	0	0	0	0	0	0	0	0	0	0	0	0	0	0	0	0	0	1
john	0.460989	0	0.302585	0.39939	0.511978	0.37935	0.293391	0.311626	0.430448	0	0.340789	0	0.927234	0	0.412899	0.272856	0.185319	0	0	0	0.274617	0.548877	0	0	15
support	0	0	0	0	0	0	0	0	0	0	0	0.486905	0	0	0	0	0	0	0	0	0	0	0	0	1
meeting	0	0	0	0.313744	0	0	0	0	0	0	0	0	0	0	0	0	0	0	0	0	0	0	0	0	1
washington	0.194836	0	0.416623	0.411208	0.257966	0	0	0	0	0	0.47272	0.318167	0.29927	0	0.351023	0.449701	0.206644	0	0	0.388023	0	0.325713	0.276032	0.404039	14
european	0	0	0	0	0	0	0	0	0	0	0	0	0	0.268812	0	0	0	0	0	0	0	0	0	0.301703	2
league	0	0	0	0	0	0	0	0	0	0	0	0	0	0	0	0	0	0	0	0	0	0	0.232397	0	1
white	0	0.301253	0	0	0.36509	0.396931	0	0.303099	0	0	0	0	0.23168	0	0.217655	0.256707	0	0	0.315634	0.513585	0	0	0	0	9
history	0	0	0.40097	0	0	0	0	0	0	0	0	0	0	0	0	0	0	0	0	0	0	0	0	0	1
men	0	0	0	0	0	0	0	0	0	0	0	0	0	0	0	0	0	0	0	0.490181	0	0	0	0	1
case	0	0	0	0	0	0	0	0.539712	0	0	0	0	0	0	0	0	0	0	0	0	0	0	0	0	1
money	0.352208	0.391442	0	0	0	0	0.493135	0	0	0	0	0.492957	0	0	0	0.466438	0.374684	0	0.48903	0	0	0.549236	0	0.464125	9
trade	0	0	0	0.307675	0	0	0	0	0	0	0	0	0	0	0	0	0	0	0.48465	0	0.537679	0	0	0	3
center	0	0	0	0	0	0	0	0	0	0	0	0.425208	0	0	0.230395	0	0	0	0	0	0	0	0	0	2
israel	0.193516	0	0.362004	0.343346	0.240403	0	0.28756	0.28823	0	0.390413	0	0	0.240421	0.279245	0.190389	0	0	0	0	0	0	0	0	0.420654	11
oil	0	0	0	0	0	0	0	0	0.699381	0	0	0	0.567427	0	0	0	0.349703	0	0.472888	0	0	0	0	0	4
east	0	0.359594	0.299317	0	0	0.415358	0.317463	0	0.492562	0.563121	0	0	0.191476	0.36633	0.187795	0	0	0	0	0	0	0	0	0	9
central	0	0	0	0	0	0	0	0	0	0	0	0.483443	0	0	0	0	0	0	0	0	0.276271	0	0	0	2
air	0	0	0	0	0	0	0	0	0	0	0	0	0	0	0	0	0	0	0	0.542232	0	0	0	0	1
chinese	0	0	0	0	0	0	0.393549	0	0	0	0	0	0	0	0	0	0	0	0	0	0	0	0	0	1
town	0	0	0	0.313744	0	0	0	0	0	0	0	0	0	0	0	0	0	0	0	0	0	0	0	0	1
army	0	0	0	0	0	0	0	0	0	0	0	0	0	0	0	0	0	0	0	0	0.353395	0	0	0	1
line	0.352026	0	0	0	0	0	0	0	0	0.337956	0.429116	0	0	0	0	0	0	0	0	0	0	0	0	0	3
little	0	0.3886	0	0.313166	0	0	0.402263	0.54106	0.759637	0	0.420551	0	0	0	0	0	0.358258	0	0	0.546912	0.530986	0	0	0	9
prime	0.375677	0	0	0	0	0	0	0	0	0	0	0	0	0	0	0	0	0	0	0	0	0	0	0	1
death	0	0.392314	0	0	0	0	0	0.547263	0	0	0	0	0	0	0	0	0	0	0	0	0	0	0	0	2
companies	0	0	0	0.303284	0	0	0.400112	0	0	0	0	0	0.567427	0	0	0.495447	0.374823	0	0.514816	0	0	0	0	0	6
forces	0	0	0	0	0	0	0	0	0	0	0	0	0	0.888934	0	0	0	0	0	0	0.562203	0	0	0	2
federal	0	0.452558	0.714143	0.306547	0	0	0	0.8356	0.699701	0	0.411826	0.36013	0.286333	0.274219	0.181827	0.27368	0.177238	0	0	0	0	0	0	0.542796	13
peace	0	0	0	0	0	0.372146	0.315979	0	0	0	0	0	0	0.869394	0	0	0	0	0.547496	0	0	0	0	0	4
capital	0.351415	0.395952	0	0	0	0	0	0	0	0	0	0	0	0	0	0	0	0	0	0	0	0	0	0	2
force	0	0	0	0	0	0	0	0	0	0	0	0	0	0.765768	0	0	0	0	0	0	0	0	0	0	1
great	0	0	0	0	0.478151	0	0	0	0	0	0	0	0	0	0	0	0	0	0	0	0	0	0	0	1
union	0	0.32464	0.313974	0	0.469646	0	0	0.297197	0	0	0	0	0	0.273222	0	0	0	0	0	0	0	0.213912	0	0.301703	7
small	0	0.45658	0	0	0	0	0	0	0	0	0	0.510267	0	0	0	0	0.449054	0	0	0	0	0.592837	0	0	4
department	0	0	0	0	0	0.344305	0	0	0	0	0	0	0	0	0	0.310067	0	0.340276	0	0	0	0	0	0.484619	4
health	0.543564	0.855929	0.808063	0.70043	0.591208	0.704781	0.510851	0.648502	0.897958	0.407959	0.432485	0.83575	0.605164	0.965719	0.651818	0.934967	0.781946	0.604464	0.900304	0.516007	0.703432	0.645067	0.223256	0	23
head	0	0	0	0	0	0.317911	0	0	0	0	0	0	0	0	0	0	0	0	0	0	0	0	0	0	1
big	0	0	0.693017	0	0	0	0	0	0	0	0	0	0	0	0	0.457023	0	0	0	0	0	0.549236	0	0	3
election	0	0	0	0	0	0	0	0	0	0	0	0	0	0	0.351786	0	0	0	0	0	0	0	0	0	1
program	0	0.3887	0.690153	0.379782	0	0	0	0	0	0.346401	0	0	0	0	0	0	0	0	0	0	0	0	0	0	4
district	0	0	0	0	0	0	0	0.299101	0	0	0	0	0	0	0	0	0	0	0	0	0	0	0	0	1
council	0	0	0	0.303554	0	0	0	0	0	0	0	0	0	0	0	0	0	0	0	0	0	0	0	0	1
record	0	0	0	0	0	0	0	0	0	0	0.47496	0	0.637519	0	0	0	0	0	0	0	0	0.553317	0	0	3
county	0	0	0	0	0.253771	0	0	0	0	0	0	0	0	0	0	0	0	0	0	0	0	0	0	0	1
point	0	0	0	0	0	0	0	0	0.784452	0	0	0	0	0	0.300078	0	0	0	0	0	0	0	0	0	2
plan	0.406568	0	0.710455	0	0	0.459907	0	0.541535	0	0	0.438175	0.515649	0.555542	0.734565	0	0.489209	0.377154	0	0.455526	0	0	0	0	0	11
financial	0	0	0	0	0	0	0	0	0	0	0	0	0	0	0	0	0.364988	0	0	0	0	0	0	0	1
campaign	0	0	0	0	0	0	0	0	0	0	0	0	0	0	0.359065	0	0	0	0	0	0	0	0	0	1
troops	0	0	0	0	0	0	0	0	0	0	0	0	0	0.8783	0	0.481476	0	0.659189	0.605438	0	0	0	0	0	4
russia	0	0	0	0	0	0	0	0	0	0.321538	0	0.31275	0	0	0	0	0	0	0	0	0	0.227589	0	0	3
free	0	0.398274	0	0.307675	0	0	0	0	0.71021	0	0	0.481631	0	0	0	0	0	0	0	0.52163	0	0	0	0	5
rights	0	0	0	0.30869	0	0	0	0	0	0	0	0	0	0.739278	0	0	0	0	0.55172	0.552788	0	0	0	0	4
control	0.363406	0	0	0.298577	0	0	0	0	0	0	0	0	0	0	0	0	0	0	0	0	0	0	0	0	2
economy	0	0	0	0	0	0	0	0	0	0	0	0	0.54874	0	0	0	0.355308	0	0	0	0	0.555802	0	0	3
attack	0	0	0	0	0	0	0	0	0	0.331415	0	0	0	0	0	0	0	0	0	0	0	0	0	0	1
better	0	0.389239	0.716882	0	0	0	0	0	0	0	0	0.49024	0	0	0	0	0	0	0	0	0	0	0	0	3
clinton	0	0.362846	0.338255	0.332203	0.247503	0.33227	0.319617	0.325135	0	0.318795	0.515785	0	0	0.471598	0.809607	0.516645	0	0.613458	0.375847	0	0.295991	0.212733	0.247461	0.328261	18
committee	0	0	0	0	0	0.319103	0.287656	0	0.448148	0	0	0	0	0	0.222169	0	0	0	0	0	0.36594	0	0	0	5
decision	0	0	0	0	0	0	0.399424	0	0	0	0	0	0	0	0	0	0	0	0	0	0	0	0	0	1
america	0.299733	0.570516	0.513779	0.789385	0.465005	0.456999	0.40822	0.695046	0.487122	0	0.734785	0.845162	0.515233	0.513263	0.342484	0.846042	0.338394	0.591165	0.667852	0.913648	0.571808	0.532365	0.594238	0.343496	23
industry	0.349728	0	0	0	0	0	0	0	0	0	0	0	0	0	0	0	0	0	0	0	0	0	0	0	1
young	0	0	0	0.359084	0.49133	0	0.402453	0	0	0.335528	0	0	0	0	0	0.48284	0.372823	0	0.460501	0.516874	0.490513	0	0	0	9
start	0	0	0	0	0	0.317911	0	0	0	0	0	0	0	0	0	0	0	0	0	0	0	0	0	0	1
administration	0	0	0	0	0.247503	0.331047	0	0	0	0	0	0	0.586573	0	0	0	0	0	0.268832	0	0	0	0.240317	0	5
nations	0	0	0.345794	0.303554	0	0	0	0.30298	0	0.329081	0	0.317285	0	0.319581	0	0	0	0.314228	0	0	0	0	0	0.349709	8
human	0	0	0	0	0	0	0.498384	0	0.699922	0	0	0.575438	0	0.739278	0	0	0	0	0.55172	0.526935	0	0	0	0	6
india	0	0	0	0	0	0	0	0	0.47467	0.275938	0	0	0	0	0.179452	0	0	0	0	0	0	0	0	0	3
defense	0	0	0	0	0	0	0	0	0	0	0	0	0	0	0	0	0	0	0	0	0.508511	0	0	0	1
total	0	0	0	0	0	0	0	0	0.696952	0	0	0	0	0	0	0	0	0	0	0	0	0	0	0	1
bill	0	0	0	0	0.248187	0.355613	0	0	0	0	0	0	0	0.282338	0	0	0	0.337957	0	0	0.295991	0	0	0	5
important	0	0	0	0	0	0.436526	0	0.544451	0	0	0	0	0	0	0	0	0	0	0	0.599214	0	0	0	0	3
nuclear	0.371268	0	0	0.387082	0.479141	0	0	0	0	0.473765	0	0	0.589363	0.778671	0.296612	0	0	0.594604	0	0	0.524073	0.606739	0	0	10
street	0.425444	0	0	0	0.254944	0	0.470001	0	0	0	0	0	0.625698	0	0	0	0.364318	0	0.489722	0	0	0.548496	0	0	7
different	0	0	0	0	0	0	0	0.543039	0.784452	0	0	0	0	0	0	0	0	0	0	0	0	0	0	0	2
issue	0	0	0	0.475528	0	0.660323	0.477932	0.626058	0.77364	0.384807	0	0.482288	0	0.768729	0	0	0	0	0	0.492124	0	0.557689	0	0	10
secretary	0.195793	0.317563	0	0.346518	0	0	0	0	0	0	0.3216	0	0	0.305314	0	0	0.200812	0	0	0	0	0	0.240901	0	7
community	0	0	0	0	0	0	0.414802	0	0	0.339058	0	0	0	0	0.22954	0	0	0	0	0.829834	0	0	0	0	4
level	0	0	0	0	0	0	0	0.568085	0	0	0.410255	0	0	0	0	0	0	0	0	0	0	0	0	0	2
change	0.399823	0	0	0	0	0	0	0	0	0	0	0	0.595627	0	0	0	0	0	0	0	0	0.547346	0	0	3
church	0	0	0	0	0.254944	0	0	0	0	0	0.331947	0	0	0	0.257285	0	0	0	0	0	0	0	0	0	3
nation	0	0	0	0	0	0	0.409889	0	0	0	0	0.506589	0.550671	0	0	0	0	0	0	0	0	0	0	0	3
research	0	0	0	0	0	0	0	0	0	0	0	0	0	0.706275	0	0	0	0	0	0	0	0	0	0	1
black	0	0	0	0	0	0	0	0	0	0	0	0	0	0	0	0	0	0	0	0.829834	0	0	0	0	1
services	0	0	0	0	0	0	0	0	0	0	0	0	0	0	0	0	0	0	0	0	0.36594	0	0	0	1
story	0	0	0	0	0.478151	0	0	0	0	0	0	0	0	0	0	0	0	0	0	0	0	0	0	0	1
europe	0	0	0	0	0	0	0	0	0	0	0	0.314247	0	0.268395	0	0	0	0	0	0	0.276271	0	0	0.361774	4
sales	0	0.413124	0	0	0	0	0.500441	0	0	0	0	0	0	0	0	0	0	0	0	0	0	0	0	0	2
policy	0.410523	0	0.733438	0	0	0.444201	0	0.571361	0.806379	0	0	0.488632	0.553119	0.931792	0.447373	0	0.372684	0.644533	0.473511	0	0	0	0	0.904053	13
current	0	0	0.732196	0	0	0	0	0	0	0	0.389075	0	0	0	0.287464	0	0	0	0	0	0	0	0	0	3
board	0	0	0	0	0	0	0	0	0	0	0	0	0	0	0	0	0	0.355129	0	0	0	0	0	0	1
workers	0	0	0	0	0	0	0	0	0	0	0	0	0	0	0	0	0	0	0.456138	0	0	0	0	0	1
role	0	0	0	0	0	0	0	0.561635	0	0	0	0.486905	0	0	0	0	0	0	0	0	0	0	0	0	2
iran	0.201883	0	0.468145	0.397973	0.348845	0	0.572764	0.313036	0	0.644282	0.364333	0	0.233545	0.319963	0	0.369988	0.216034	0.495595	0.373843	0	0	0.2253	0.235181	0.493511	17
process	0	0	0	0	0	0	0	0	0	0	0	0	0	0.75309	0	0	0	0	0	0	0	0	0	0	1
growth	0	0	0.703883	0	0	0	0	0	0	0	0	0	0	0.708467	0	0	0	0	0	0	0	0	0	0	2
western	0	0	0	0	0	0	0	0.569345	0	0	0	0	0	0	0	0	0	0	0	0	0	0	0	0	1
special	0	0	0	0	0	0	0.453402	0	0	0	0	0.588884	0	0	0.278167	0	0	0	0	0	0	0.552093	0	0	4
plans	0	0	0	0	0	0	0	0	0	0	0	0	0	0	0	0.460329	0	0	0	0	0	0	0	0	1
strong	0	0	0	0	0	0	0	0	0	0	0.42346	0	0	0	0	0	0	0	0	0	0.508511	0	0	0	2
england	0	0	0	0	0	0	0	0	0	0	0	0	0	0	0	0	0	0	0	0	0	0	0.248188	0	1
period	0	0	0	0	0	0	0	0	0.702605	0	0	0	0	0	0	0	0	0	0	0	0	0	0	0	1
real	0	0	0	0	0	0	0	0	0	0.337349	0	0	0	0	0.282292	0	0	0	0	0.52811	0	0	0	0	3
term	0	0	0.702234	0	0	0	0	0	0	0	0	0	0	0	0	0.455927	0	0	0	0	0	0	0	0	2
korea	0	0	0	0	0	0	0	0	0	0	0	0	0	0	0	0	0.188535	0	0	0.361069	0	0	0	0.371733	3
enough	0	0	0	0	0	0	0	0	0	0	0	0	0	0	0.268869	0	0	0	0	0	0	0	0	0	1
century	0	0	0	0	0	0.491929	0	0	0	0	0	0	0	0	0	0	0	0	0	0	0	0	0	0	1
democratic	0	0	0	0	0.494168	0.331047	0.301066	0	0.754565	0	0	0	0	0	0.237606	0.25639	0	0	0.363261	0	0	0	0	0	7
single	0	0	0	0	0	0	0	0.599889	0	0.329188	0	0	0	0	0	0	0	0.602461	0	0	0	0.557689	0	0	4
share	0	0	0	0	0	0	0.393184	0	0	0	0	0	0	0	0	0	0	0	0	0	0	0	0	0	1
senior	0	0	0	0	0	0.40319	0	0	0	0	0	0	0	0	0	0	0	0	0	0	0	0	0	0	1
congress	0.259689	0.362077	0.577176	0.560834	0.256058	0.358523	0.608323	0.518266	0.52799	0.360753	0.376726	0	0	0.51458	0	0.377143	0	0.467581	0.585615	0	0.298718	0.232469	0	0.472171	18
higher	0	0	0	0	0	0.411554	0	0	0	0	0	0	0.565096	0	0	0	0	0	0	0	0	0	0	0	2
cut	0.392008	0	0	0	0	0	0	0	0	0	0	0	0	0	0	0	0.466193	0	0	0	0	0	0	0	2
san	0	0	0	0	0	0	0	0	0	0	0	0	0	0	0	0	0	0	0	0	0.456133	0	0	0	1
issues	0.365269	0	0	0.287564	0	0.436944	0	0.571361	0	0	0	0	0	0	0.299664	0	0	0	0	0	0	0	0	0	5
executive	0	0.306538	0.31932	0	0	0	0	0	0	0	0	0	0	0	0	0	0	0	0	0.42785	0	0	0.302727	0	4
areas	0	0	0	0	0	0	0	0	0	0	0.386023	0	0	0	0	0	0	0	0	0	0	0	0	0	1
province	0	0	0	0	0	0	0	0	0	0	0	0	0	0	0	0	0	0	0	0	0.497365	0	0	0	1
commission	0	0	0	0	0	0	0	0	0	0.367054	0	0	0	0	0	0.232281	0	0	0	0	0	0	0	0.311654	3
california	0	0	0	0	0	0	0	0	0	0.256533	0	0	0	0	0	0	0	0	0	0	0.310624	0	0	0	2
education	0	0.423597	0	0	0	0.461745	0	0	0	0	0.373949	0	0	0	0	0.468488	0	0.591056	0	0.503517	0	0	0	0.484619	7
energy	0.39968	0	0	0	0	0.388556	0	0	0	0.414461	0	0	0.619877	0.305314	0	0	0.411628	0	0	0	0	0.56308	0	0	7
short	0	0	0	0	0	0	0	0	0	0	0	0	0	0	0	0.455927	0	0	0	0	0	0	0	0	1
africa	0	0	0	0	0	0	0	0	0	0	0	0	0	0.280535	0	0.259742	0	0	0	0	0	0	0	0	2
association	0	0	0	0	0	0.317911	0	0	0	0	0.373949	0	0	0	0	0	0	0	0	0	0	0	0	0	2
average	0	0	0	0	0	0	0	0	0	0	0	0	0.544697	0	0	0	0	0	0	0	0	0	0	0	1
pay	0	0	0	0	0	0	0	0	0	0	0	0	0	0	0	0	0	0.581498	0	0	0	0	0	0	1
george	0.211194	0.325526	0.382604	0	0.316201	0	0.413669	0.281816	0	0	0.331038	0	0.194014	0	0.341244	0.549286	0.385775	0.392637	0	0.365808	0.270567	0	0.321863	0.305533	16
things	0	0.521341	0.761517	0	0	0.388423	0	0.667309	0	0	0.532066	0	0	0	0.300719	0.528547	0.369168	0.655125	0	0	0	0	0	0	9
pakistan	0.204918	0	0	0	0	0.433023	0	0	0.491924	0.30516	0.405641	0.306475	0	0	0	0	0.204686	0.581686	0	0	0.275672	0	0.254704	0.348006	11
social	0	0	0	0.29465	0.555605	0	0.313531	0.56001	0	0	0.751421	0	0	0.748789	0.303657	0.465051	0	0	0	0	0	0	0	0.298404	9
chairman	0	0	0	0	0	0	0	0	0	0.313929	0.328521	0	0	0	0	0	0.187126	0	0	0	0.363423	0	0	0	4
job	0	0.390172	0	0	0	0	0	0	0	0	0	0	0	0	0.261223	0	0	0	0	0.524647	0	0	0	0	3
problems	0	0	0.694162	0	0	0.419128	0	0	0	0.337349	0	0	0	0	0	0	0	0	0	0	0	0	0	0	3
private	0	0	0	0	0	0	0	0	0	0.339058	0	0	0	0	0	0	0	0	0	0	0	0	0	0	1
lower	0	0	0	0	0	0	0	0	0	0	0.417522	0	0	0	0	0	0	0	0	0	0	0	0	0	1
miles	0	0	0	0	0	0	0	0	0	0	0	0	0	0	0	0	0	0	0	0	0.499744	0	0	0	1
david	0	0	0	0	0	0	0	0	0	0	0	0	0	0	0	0	0	0	0	0	0	0	0.260322	0	1
african	0	0	0.40097	0	0	0	0.414802	0	0	0	0	0	0	0.273222	0.22954	0	0	0	0	0	0	0	0	0	4
tax	0.437756	0.568912	0.992339	0.371709	0.581538	0.44107	0.500441	0	0.754805	0.346401	0.567701	0	0.570514	0	0.280924	0.483647	0.472386	0.582317	0	0.54564	0	0.62405	0.239492	0	18
middle	0.517861	0.359594	0.299317	0	0.506237	0.415358	0.317463	0	0.492562	0.563121	0	0	0.191476	0.36633	0.187795	0	0.42362	0	0	0	0	0	0	0	12
global	0	0	0	0	0	0.395962	0	0.572336	0.706687	0	0	0	0	0	0	0	0	0	0	0	0	0	0	0	3
iraqi	0	0	0	0	0.269756	0	0	0.406305	0	0	0.321705	0	0	0	0	0	0	0	0	0	0.353395	0	0	0	4
english	0	0	0	0	0	0	0	0	0	0	0	0	0	0	0.17912	0	0	0	0	0	0	0	0	0	1
project	0	0	0	0	0	0	0	0	0	0	0	0	0	0	0	0	0	0	0	0	0	0	0.236204	0	1
border	0	0	0	0.31285	0	0	0	0	0	0	0	0	0	0	0	0	0	0.311941	0	0.626836	0.819703	0	0	0	4
crisis	0.369012	0.395221	0	0	0	0.392654	0	0	0	0	0	0	0	0	0.271756	0	0.364988	0	0	0	0	0	0	0	5
u.n.	0	0	0	0	0	0	0	0	0	0.297329	0	0.325536	0	0.304002	0	0	0	0	0	0	0	0	0	0	3
technology	0.364189	0	0	0	0	0	0	0	0.752783	0	0	0	0	0	0	0	0.363117	0	0	0	0	0	0	0	3
weapons	0.371268	0	0	0	0.479141	0	0	0	0	0	0	0	0.589363	0.778671	0.296612	0	0	0.594604	0	0	0	0	0	0	6
republican	0	0.351121	0.391458	0	0.26619	0	0	0.33852	0	0	0.384203	0.330717	0	0	0	0	0	0	0	0.486595	0.294724	0	0	0.480108	9
act	0	0	0	0	0	0	0	0	0	0	0	0	0	0	0	0	0	0.60072	0.463623	0	0	0	0	0	2
texas	0	0	0	0	0	0	0	0	0	0	0	0	0	0	0	0	0	0	0	0	0.389483	0	0.280594	0.309018	3
course	0	0	0	0.286539	0	0	0.393375	0.616067	0	0	0	0	0	0	0.267754	0	0	0	0	0	0	0	0	0	4
problem	0	0.40076	0	0.292292	0	0	0.564279	0.539835	0	0	0.401209	0	0	0	0.261173	0	0	0	0	0.555339	0.503897	0	0	0	8
senate	0.310956	0	0.326462	0.307759	0	0.656686	0.357763	0	0.600609	0.329324	0.545303	0.428954	0.317868	0.266214	0.222169	0.266129	0	0.545399	0.273373	0	0.273012	0.435928	0	0	17
care	0.543564	0.855929	0.808063	0.70043	0.591208	0.704781	0.510851	0.648502	0.897958	0.407959	0.432485	0.83575	0.605164	0.965719	0.651818	0.934967	0.781946	0.604464	0.900304	0.516007	0.703432	0.645067	0	0	22
obama	0.759086	0	0	0	0.371627	0	0.50058	0	0.460454	0	0	0.315177	0.595485	0.353292	0.265549	0.442499	0.202159	0	0.314328	0	0	0.944657	0	0	12
cost	0	0.392232	0	0	0	0	0	0	0	0	0	0	0	0	0	0	0	0	0	0	0	0	0	0	1
canada	0	0	0	0.323149	0	0	0	0.292224	0	0	0	0	0	0	0	0	0	0	0	0	0	0	0	0	2
drug	0	0	0	0	0	0	0	0	0	0	0	0	0	0	0	0.471513	0	0	0	0	0	0	0	0	1
civil	0	0	0	0	0	0	0	0	0	0	0	0	0	0.738843	0	0	0	0	0	0	0	0	0	0	1
situation	0	0	0.732207	0	0	0	0	0	0	0	0	0	0	0	0	0	0	0	0	0	0	0	0	0	1
relations	0	0	0.299317	0	0	0.319103	0	0	0	0	0	0	0	0	0	0	0	0	0	0	0	0	0	0	2
base	0	0	0.726777	0	0	0	0	0	0	0	0	0	0	0	0	0	0	0	0	0	0	0	0	0	1
staff	0	0	0	0	0.249063	0	0	0	0	0	0	0	0	0	0	0	0	0	0	0	0	0	0	0	1
americans	0	0	0	0.359084	0	0	0	0	0	0	0	0	0.576392	0	0	0	0	0	0	0	0.531223	0.582308	0	0	4
eastern	0	0	0	0	0	0	0	0	0	0	0	0	0	0	0	0.493605	0	0	0	0	0	0	0	0	1
legal	0	0	0	0	0	0	0	0	0	0	0	0.571932	0	0	0	0	0	0	0	0	0	0	0	0	1
asia	0	0	0	0	0	0	0.346994	0	0	0	0	0	0	0	0	0	0	0	0	0	0	0	0	0	1
budget	0	0	0	0	0	0	0	0	0	0	0	0	0	0	0	0	0.366922	0	0	0.5523	0	0	0	0	2
works	0	0	0	0	0	0	0	0	0	0	0	0	0	0	0	0	0	0	0.268832	0	0	0	0	0	1
gas	0	0	0	0	0	0	0	0	0	0	0	0	0	0.702004	0	0.460815	0	0	0	0	0	0	0	0	2
fact	0.382848	0	0	0	0	0.389957	0	0.602873	0	0.541022	0	0	0	0	0.279964	0	0	0.725353	0	0	0	0	0	0	6
vice	0.230866	0	0.407592	0	0.240185	0	0.411386	0	0	0	0.408149	0	0.215214	0	0	0	0	0	0.241351	0	0.266571	0	0.246428	0.32524	10
mexico	0	0	0	0	0	0	0.300169	0.37269	0	0	0.371595	0	0	0.470032	0	0	0	0	0.287992	0	0.363126	0	0	0.333301	7
afghanistan	0.263465	0	0.355142	0	0.262655	0.398491	0	0	0.504076	0	0.328938	0.326228	0.308621	0	0	0	0.195312	0.3921	0	0	0.56626	0	0.239448	0.371755	13
space	0	0.3887	0	0	0	0	0	0	0	0	0	0	0	0	0	0	0	0	0	0	0	0	0	0	1
rates	0	0	0	0	0	0	0	0.57768	0	0	0	0	0	0	0	0	0	0	0	0	0	0	0	0	1
manager	0	0	0	0	0	0	0	0	0.699515	0	0	0	0	0	0	0	0	0	0	0	0	0	0	0	1
loss	0	0	0	0	0	0	0	0	0	0	0	0	0	0	0	0	0	0	0	0	0.504293	0	0	0	1
justice	0	0	0	0	0	0.344305	0	0	0	0	0.340789	0	0	0	0	0.310067	0	0.340276	0	0	0	0	0	0	4
james	0	0	0	0	0	0	0	0	0	0	0	0	0	0	0	0.227108	0	0	0	0	0	0	0	0	1
fund	0	0	0	0	0.511915	0	0.313531	0	0	0	0	0	0.19375	0.718637	0	0	0	0	0	0	0	0	0	0.298404	5
thing	0	0.434972	0	0	0	0	0	0.702657	0	0	0.4178	0.512498	0.548233	0	0	0.496361	0	0.60407	0	0.599214	0	0	0.204835	0	9
republic	0	0	0	0	0	0	0	0	0	0	0	0	0	0	0	0.270951	0	0	0	0	0	0	0	0	1
schools	0	0	0	0	0	0	0	0	0	0	0	0	0	0	0	0	0	0	0.259114	0	0	0	0	0	1
robert	0	0	0	0	0	0	0.382044	0	0	0	0	0	0	0	0	0	0	0	0	0	0	0	0	0	1
personal	0	0	0	0	0	0	0	0	0	0	0	0	0.545324	0	0	0	0	0	0	0	0	0	0	0	1
light	0	0	0	0	0	0	0.429828	0	0	0	0	0	0	0	0	0	0	0	0	0	0	0	0	0	1
person	0	0	0	0	0	0	0	0.599889	0	0	0	0	0	0	0	0	0	0	0	0	0	0	0	0	1
majority	0	0	0	0	0	0	0	0	0	0	0	0	0	0	0	0	0	0.581496	0	0	0	0	0	0	1
class	0.517861	0	0	0	0.506237	0	0	0	0	0	0	0	0	0	0	0	0.42362	0	0	0	0	0	0	0	3
regional	0	0	0	0	0	0	0	0	0	0	0	0	0	0	0	0	0	0.594215	0	0	0	0	0	0	1
stage	0	0	0	0	0	0	0	0	0	0	0	0	0	0	0	0	0	0	0.468792	0	0	0	0	0	1
families	0	0	0	0	0	0	0	0	0	0	0	0	0.544697	0	0	0	0	0	0	0	0	0	0	0	1
various	0	0	0	0	0	0	0	0	0.773346	0	0	0	0	0	0	0	0	0	0	0	0	0	0	0	1
kind	0	0.387536	0	0	0	0.442359	0	0.549825	0.701654	0	0	0.489815	0	0	0	0	0	0	0	0	0	0	0	0	5
officer	0	0	0	0.329772	0.25556	0	0	0	0	0	0	0	0	0	0	0	0	0	0	0	0	0	0	0	2
nato	0.188843	0	0	0	0	0	0	0	0	0	0	0	0.224788	0	0	0	0	0	0	0	0	0	0	0	2
florida	0	0	0	0.324788	0	0	0	0	0	0	0	0	0	0	0	0	0	0	0	0	0	0	0	0	1
islamic	0	0	0	0.315396	0	0	0	0	0	0	0	0.507786	0	0	0	0	0	0	0	0	0	0	0	0	2
child	0	0.407556	0.712743	0	0	0	0	0	0	0	0	0	0	0	0	0	0	0	0	0	0	0	0	0	2
lives	0	0	0.712858	0	0	0	0	0	0	0	0	0	0	0	0	0	0	0	0	0	0	0	0	0	1
video	0	0.419546	0	0	0	0	0.397173	0	0	0	0	0	0	0	0	0	0	0.61745	0	0	0	0	0	0	3
bad	0	0	0	0	0	0	0.403882	0	0	0	0	0	0	0	0	0	0	0	0	0	0.504449	0	0	0	2
green	0	0	0	0.3163	0	0	0	0	0	0	0	0	0	0	0	0	0	0	0.268832	0	0	0	0	0	2
poor	0	0.399459	0	0	0	0	0	0	0	0	0	0	0	0	0	0	0	0	0	0	0	0	0	0	1
question	0	0	0.711539	0	0	0.425801	0	0	0	0.333393	0	0.523481	0	0	0	0.490079	0	0.609116	0	0	0	0	0	0	6
governor	0.29491	0	0	0.410869	0	0	0	0	0	0.339122	0.457438	0.533124	0.564162	0	0	0.286464	0	0	0	0.422084	0.352302	0	0.245116	0	10
track	0	0	0	0	0	0	0	0	0	0	0	0	0.637519	0	0	0	0	0	0	0	0	0	0	0	1
programs	0	0	0	0	0	0	0	0	0	0	0.395169	0	0	0	0	0	0	0	0	0	0.495838	0	0	0	2
difficult	0	0	0.694162	0	0	0	0	0	0	0	0	0	0	0	0	0	0	0	0	0	0	0	0	0	1
wall	0.425444	0	0	0	0	0	0.470001	0	0	0	0	0	0.625698	0	0	0	0.364318	0	0.489722	0	0	0.548496	0	0	6
income	0	0.459706	0	0	0	0	0	0	0	0	0.417522	0	0	0	0.282951	0	0	0	0	0.54564	0	0.552247	0	0	5
net	0	0	0	0	0	0	0	0	0	0	0	0	0	0	0	0	0.369104	0	0	0	0	0	0	0	1
jobs	0.357934	0	0	0	0.469646	0.387402	0	0	0	0	0	0	0	0	0.253552	0	0	0	0	0	0.671453	0.567088	0	0	6
hall	0	0	0	0.313744	0	0	0	0	0	0	0	0	0	0	0	0	0	0	0	0	0	0	0	0.315465	2
deputy	0	0	0	0	0	0	0	0	0	0	0	0	0	0	0	0	0	0	0	0	0	0	0.240901	0	1
heart	0	0	0	0	0	0	0	0	0	0	0	0	0	0.26199	0	0	0	0	0	0	0	0	0	0	1
democrats	0	0	0	0	0.47008	0	0.459298	0	0	0	0	0.487293	0	0	0	0	0	0	0	0	0	0	0.38045	0	4
labor	0	0	0.313974	0	0	0	0	0	0	0	0	0	0	0	0	0	0	0	0	0	0	0	0	0	1
needs	0	0	0	0	0	0.387636	0	0	0	0	0	0	0	0	0	0	0	0	0	0	0	0	0	0	1
talk	0	0	0	0.313166	0	0	0	0	0	0	0	0	0	0	0	0	0	0	0	0	0	0	0	0	1
rules	0	0	0	0	0.513077	0	0	0	0	0	0	0	0	0	0	0	0	0	0	0	0	0	0	0	1
joint	0	0	0	0	0.249063	0	0	0	0	0	0	0	0	0	0	0	0	0	0	0	0	0	0	0	1
safety	0	0	0	0	0	0	0	0	0	0	0	0	0	0	0	0.232281	0	0	0	0	0	0	0	0	1
arab	0	0	0	0	0	0	0	0	0	0	0	0	0	0	0	0	0	0	0	0	0	0	0	0.349709	1
friends	0	0	0	0	0	0	0	0	0	0	0	0	0	0	0	0	0	0	0	0	0	0.588547	0	0	1
sources	0.39968	0	0	0	0	0	0	0	0	0	0	0	0	0	0	0	0	0	0	0	0	0	0	0	1
armed	0	0	0	0	0	0	0	0	0	0	0	0	0	0	0	0	0	0	0	0	0.36594	0	0	0	1
funds	0	0	0	0	0	0	0.400997	0	0	0	0	0	0	0	0	0	0	0	0	0	0	0	0	0	1
heavy	0	0	0	0	0	0	0	0	0	0	0	0	0	0	0	0	0	0	0	0	0.581037	0	0	0	1
spending	0	0	0	0.306944	0	0	0	0	0	0	0	0	0	0	0	0	0.369104	0	0	0	0	0.554746	0	0	3
authority	0	0	0	0	0.473785	0	0	0	0	0	0	0	0	0	0	0	0	0.636578	0	0	0	0	0	0	2
matter	0	0	0	0	0	0	0	0	0	0	0	0	0	0	0	0	0	0.612427	0	0	0	0	0	0	1
access	0	0	0	0	0	0	0	0	0	0	0	0	0	0	0	0	0	0	0	0.516007	0	0	0	0	1
lee	0	0	0	0	0	0	0.351149	0	0	0	0	0	0	0	0	0	0	0	0	0	0	0	0	0	1
turkey	0	0.305989	0	0	0	0	0	0	0	0	0	0	0	0.277233	0	0	0	0	0	0	0	0	0	0	2
museum	0	0	0.40097	0	0	0	0	0	0	0	0	0	0	0	0	0	0	0	0	0	0	0	0	0	1
strike	0	0	0	0	0	0	0	0	0	0.30089	0	0	0	0	0	0	0	0	0	0	0	0	0	0	1
costs	0	0.383642	0	0.425447	0	0	0	0	0	0	0	0	0	0	0	0	0	0	0	0	0	0	0	0	2
view	0	0	0	0	0	0.408486	0	0	0	0	0	0.514892	0	0	0	0	0	0	0	0	0	0	0	0	2
chicago	0	0	0	0	0	0	0	0	0	0	0	0	0	0	0.231018	0	0	0	0	0	0	0.202235	0	0	2
systems	0	0	0	0	0	0	0	0	0	0	0	0	0	0	0	0.466402	0	0	0	0	0	0	0	0	1
idea	0	0	0	0	0	0	0	0	0.69812	0	0	0	0	0	0	0	0	0	0	0	0	0	0	0	1
thomas	0	0	0.368758	0	0	0	0	0	0	0	0	0	0	0	0	0	0	0	0	0	0	0	0	0	1
credit	0	0	0	0	0	0	0	0	0	0	0	0	0.54488	0	0.268869	0	0.380836	0	0	0	0	0.62405	0	0	4
finance	0	0	0	0	0	0	0.287656	0	0	0	0	0	0	0	0	0	0	0	0	0	0	0	0	0	1
cities	0	0	0	0	0	0	0.39806	0	0.75038	0	0.445956	0.543056	0	0	0	0	0	0	0	0	0	0	0	0	4
certain	0	0	0	0.30869	0	0	0	0	0	0	0	0	0	0	0	0	0	0	0	0.523002	0	0	0	0	2
voters	0	0	0	0	0	0	0	0	0	0	0	0	0	0	0	0.45624	0	0	0	0.616537	0	0	0	0	2
constitution	0	0	0	0	0	0	0	0	0	0	0	0	0	0	0.230395	0	0	0	0	0	0	0	0	0	1
affairs	0	0	0	0	0	0	0	0	0	0	0	0	0	0	0.222169	0	0	0	0	0	0	0	0	0	1
experience	0	0	0.731909	0	0	0	0	0	0	0	0	0	0	0	0	0	0	0	0	0	0	0	0	0	1
attorney	0	0	0	0	0	0	0	0	0	0.396242	0	0	0	0	0	0	0	0	0	0	0	0	0.246152	0	2
intelligence	0	0	0	0	0	0	0	0	0.448148	0	0	0	0	0	0	0	0	0	0	0	0	0	0	0	1
magazine	0	0	0	0	0	0	0	0	0	0	0	0	0	0	0.286301	0	0	0	0	0	0	0	0	0	1
baghdad	0	0	0.545587	0.385328	0	0	0	0.31451	0	0	0	0	0	0	0	0	0	0.304297	0	0	0	0	0.260076	0	5
highest	0	0	0	0	0	0	0	0.562112	0	0	0	0	0	0	0	0	0	0	0	0.541209	0	0	0	0	2
profit	0	0	0	0	0	0	0	0	0.754805	0	0	0	0	0	0	0	0	0	0.47001	0	0	0	0	0	2
double	0	0	0	0	0	0	0	0	0	0	0	0	0	0	0	0	0	0	0	0	0.536988	0	0	0	1
professor	0	0	0	0	0	0	0	0	0	0	0	0	0	0	0.17912	0	0	0	0	0	0	0	0	0	1
sector	0	0	0	0	0	0	0	0	0	0.339058	0	0	0	0	0	0	0	0	0	0	0	0	0	0	1
disease	0	0	0	0	0	0	0	0	0	0	0	0	0	0.26199	0	0	0	0	0	0	0	0	0	0	1
terrorism	0	0	0	0	0	0	0	0	0	0.367054	0	0	0	0	0	0	0	0	0	0	0	0	0	0	1
peter	0	0	0	0	0	0	0	0	0	0	0	0	0	0	0	0	0	0.341091	0	0	0	0	0	0	1
culture	0	0	0.40097	0	0	0	0	0	0	0	0	0	0	0	0	0	0	0	0	0.494361	0	0	0	0	2
reform	0	0	0	0	0	0	0	0	0	0	0.402843	0	0.55604	0	0.282292	0	0	0	0	0	0	0	0	0	3
arms	0.363406	0	0	0	0	0	0	0	0	0	0	0	0	0	0	0	0	0	0	0	0	0	0	0	1
conflict	0	0	0	0	0	0	0	0	0	0	0	0	0	0.702579	0	0	0	0	0	0	0	0	0	0	1
property	0	0	0	0	0	0	0	0	0	0	0	0	0.545324	0	0	0	0	0	0	0	0	0	0	0	1
threat	0	0	0	0	0	0	0	0	0	0	0	0	0	0	0	0	0	0	0	0	0.505846	0	0	0	1
jewish	0	0	0	0	0	0	0	0	0	0	0	0	0	0	0	0	0	0	0	0.513574	0	0	0	0	1
taliban	0	0	0	0	0	0	0.293945	0	0	0	0	0	0	0	0	0	0.187511	0	0	0	0	0	0.258171	0	3
mayor	0	0	0	0	0	0	0	0	0.443282	0	0.398153	0.39144	0	0	0	0	0	0	0	0	0	0	0	0	3
mass	0	0	0.689191	0	0	0	0	0	0	0	0	0	0	0	0	0	0	0	0	0	0	0	0	0	1
lines	0	0	0	0	0	0	0	0	0	0	0	0	0	0	0	0	0	0	0	0	0.69757	0	0	0	1
soviet	0	0.32464	0.304408	0	0	0	0	0	0	0	0	0	0	0	0	0	0	0	0	0	0	0	0	0	2
straight	0	0	0	0.313166	0	0	0	0	0	0	0	0	0	0	0	0	0	0	0	0	0	0	0	0	1
projects	0	0	0	0	0	0	0	0	0	0	0	0	0	0	0	0	0	0	0	0	0	0.55655	0	0	1
independence	0	0	0	0	0	0	0	0	0	0.414461	0	0	0.589558	0	0	0	0	0	0	0	0	0.56308	0	0.315465	4
christian	0	0	0	0	0	0	0	0	0	0	0	0	0	0	0	0	0	0	0	0.512205	0	0	0	0	1
politics	0	0	0	0	0	0	0	0	0	0	0	0	0	0	0.299664	0	0	0	0	0	0	0	0	0	1
studies	0	0	0	0	0	0	0	0	0	0	0	0.425208	0	0	0	0	0	0	0	0	0	0	0	0	1
regular	0	0	0	0	0	0	0	0	0	0.333291	0	0	0	0	0	0	0	0	0	0	0	0	0	0	1
guard	0	0	0	0	0	0	0	0	0	0	0	0	0	0	0	0.265547	0	0	0	0.626836	0	0	0	0	2
fuel	0	0	0	0	0	0	0	0	0	0	0	0	0.549087	0	0.274401	0	0	0	0	0	0	0	0	0	2
supreme	0	0	0	0	0	0	0	0	0	0	0	0	0	0.280913	0	0	0	0.342541	0	0	0	0	0.286659	0	3
additional	0	0	0	0	0	0	0	0	0	0	0	0	0	0	0	0	0.361114	0	0	0	0	0	0	0	1
greater	0	0	0	0	0	0	0	0	0	0	0	0	0	0	0.282951	0	0	0	0	0	0	0	0	0	1
primary	0	0	0	0	0	0	0	0	0.754565	0	0	0	0	0	0	0.468488	0	0	0	0	0	0	0	0	2
debate	0	0	0	0	0	0	0	0	0	0	0	0	0	0	0	0	0	0	0	0.616537	0	0	0	0	1
places	0	0	0.69069	0	0	0	0	0	0	0	0	0	0	0	0	0	0	0	0	0	0	0	0	0	1
insurance	0	0	0	0	0	0	0.400112	0	0	0	0	0.538952	0	0	0	0.495447	0.401034	0	0.514816	0	0.614077	0.604341	0.223256	0	8
impact	0	0	0	0	0	0	0	0	0	0	0	0	0	0	0	0	0	0	0	0.525155	0	0	0	0	1
illegal	0	0	0	0	0	0	0	0.623074	0.77364	0	0	0	0	0	0	0	0	0	0	0	0	0	0.238872	0	3
true	0	0	0	0	0	0	0	0	0	0.294534	0	0	0	0	0	0	0	0	0	0	0	0	0	0	1
challenge	0	0.28418	0	0	0	0	0	0	0	0	0	0	0	0	0	0	0	0	0	0	0	0	0	0	1
entire	0	0	0	0	0	0	0.405591	0	0	0	0	0	0	0	0	0	0	0	0	0	0	0	0	0	1
housing	0	0	0	0	0	0	0	0	0	0	0	0	0	0	0.271756	0	0	0	0	0	0	0.548681	0	0	2
product	0	0	0	0	0	0	0	0	0	0	0	0	0	0	0	0.232281	0	0	0	0	0	0	0	0	1
conservative	0	0	0	0	0	0	0	0.297197	0	0.292835	0	0	0	0	0	0	0	0	0	0	0	0	0	0	2
foundation	0	0	0	0	0	0	0	0	0	0	0	0	0	0	0	0	0	0	0	0.493537	0	0	0	0	1
olympics	0	0	0	0	0	0.323209	0	0	0	0	0	0	0	0	0	0	0	0	0	0	0	0	0	0	1
hamas	0.16772	0	0	0	0	0	0	0	0	0	0	0	0	0	0	0	0	0	0	0	0	0	0	0	1
consumer	0	0	0	0	0	0	0	0	0	0	0	0	0	0	0	0.232281	0	0	0	0	0	0	0	0	1
beach	0	0	0	0	0	0	0	0	0	0	0	0	0	0	0	0	0	0	0	0	0.321585	0	0	0	1
zone	0	0	0	0	0	0	0	0	0	0	0	0	0	0	0	0	0	0.686257	0	0	0	0	0	0	1
quality	0	0	0	0	0	0	0	0	0	0	0	0	0	0	0	0	0	0	0.521789	0	0	0	0	0	1
georgia	0	0	0	0	0	0	0	0	0	0	0	0	0	0	0	0	0	0	0	0	0	0.247614	0	0	1
god	0	0	0.719612	0	0	0	0	0	0	0	0	0	0	0	0	0	0	0	0	0	0	0	0	0	1
catholic	0	0	0	0	0	0	0	0	0	0	0.331947	0	0	0	0	0	0	0	0	0	0	0	0	0	1
opportunity	0	0	0	0	0.475149	0	0	0	0	0	0	0	0	0	0.279031	0	0	0	0	0	0	0	0	0	2
active	0	0	0	0	0	0	0	0	0	0	0	0	0	0	0	0	0	0	0	0.52754	0	0	0	0	1
type	0	0	0	0	0	0	0	0	0	0.327072	0	0	0	0	0	0	0	0	0	0	0	0	0	0	1
citizens	0	0	0	0	0	0	0	0	0	0	0	0	0	0	0	0	0	0	0	0	0	0.219399	0	0	1
vietnam	0	0	0	0.363179	0	0	0.347444	0	0	0	0	0	0	0	0	0	0	0	0	0.327534	0	0	0	0.446204	4
floor	0	0	0	0	0	0	0	0	0.699515	0	0	0	0	0	0	0	0	0	0	0	0	0	0	0	1
mike	0.169211	0.300281	0	0	0	0	0.374753	0	0	0	0	0	0	0	0	0	0	0	0	0	0	0	0	0	3
businesses	0	0	0	0	0	0	0	0	0	0	0	0	0	0	0	0	0.449054	0	0	0	0	0.580612	0	0	2
bit	0	0.3886	0	0	0	0	0.402263	0.54106	0.759637	0	0.420551	0	0	0	0	0	0.358258	0	0	0	0	0	0	0	6
tough	0	0	0	0	0	0	0	0	0	0	0	0	0	0	0	0	0	0	0	0	0	0.563981	0	0	1
egypt	0	0	0	0	0	0	0	0	0	0.304891	0	0	0.193558	0	0	0	0	0	0	0	0	0	0	0	2
worst	0	0	0	0	0	0	0	0	0	0	0	0	0	0	0	0	0.364988	0	0	0	0	0	0	0	1
tom	0	0	0	0	0.27135	0	0	0.345094	0	0	0	0	0	0	0.196567	0	0.287425	0	0	0	0	0.420192	0	0	5
reserve	0	0	0	0	0	0	0	0	0	0	0	0	0	0	0	0	0.177238	0	0	0	0	0	0	0.440199	2
hot	0	0	0	0	0	0	0	0	0	0	0	0	0	0	0	0	0	0	0	0.542232	0	0	0	0	1
saddam	0	0	0.344417	0.309177	0.482792	0	0	0	0	0.37038	0	0.387507	0	0.278734	0	0	0	0	0	0	0.284804	0	0	0.3966	8
saudi	0	0	0	0	0	0	0.294246	0.307006	0	0.31135	0	0	0	0	0	0	0	0	0	0	0	0	0	0	3
cancer	0	0	0.399037	0	0	0	0	0	0	0	0.353557	0	0	0	0	0	0	0	0	0	0	0	0	0	2
decade	0	0	0	0	0	0	0	0	0	0	0	0	0	0	0.282292	0	0	0	0	0	0	0	0	0	1
gulf	0	0	0	0	0	0	0	0	0	0	0	0	0	0	0	0	0	0	0	0	0	0	0	0.307835	1
virginia	0	0	0	0	0	0	0	0.274767	0	0.779994	0	0	0	0	0	0	0	0	0	0.397133	0	0	0	0	3
corporate	0.396715	0	0	0	0	0.44107	0	0	0	0	0	0	0	0	0	0.457023	0	0	0	0.523002	0	0	0	0	4
seconds	0	0	0	0	0	0	0	0	0	0	0	0	0	0	0	0	0	0	0	0.327534	0	0	0	0	1
responsibility	0	0	0	0	0	0	0	0.557799	0	0	0	0	0	0	0	0	0	0	0	0	0	0	0	0	1
environmental	0	0	0	0	0	0	0	0	0	0	0	0	0	0	0	0	0	0	0.521789	0	0	0	0	0	1
jersey	0	0	0	0	0	0	0	0	0	0.299803	0	0	0	0	0	0	0	0	0	0	0.30854	0	0	0	2
kosovo	0	0	0	0.306509	0	0	0	0	0	0	0	0	0	0	0	0	0	0	0	0	0	0	0	0	1
cuts	0.368831	0.418338	0	0.371709	0.581538	0	0	0	0	0	0.567701	0	0	0	0	0.483647	0.411153	0	0	0	0	0	0	0	7
ice	0	0	0	0	0	0	0.395401	0	0	0	0	0	0	0	0	0	0	0	0	0	0	0	0	0	1
rich	0	0.417358	0	0	0	0	0	0	0	0	0	0	0	0	0	0	0	0	0	0	0	0	0	0	1
policies	0	0	0	0	0	0.445101	0	0	0	0	0	0	0	0	0.300682	0	0.358684	0	0	0	0	0	0	0	3
nature	0	0	0	0	0	0	0	0	0.699922	0	0	0	0	0	0	0	0	0	0	0	0	0	0	0	1
strategy	0	0	0	0.336738	0	0	0	0	0.710313	0	0	0	0	0	0	0	0	0	0	0	0	0	0	0	2
optional	0	0	0.992339	0	0	0	0	0	0	0	0	0	0	0	0	0	0	0	0	0	0	0	0	0	1
fellow	0	0	0	0	0	0	0	0	0	0.332931	0	0	0	0	0	0	0	0	0	0	0	0	0	0	1
prince	0	0	0	0	0	0	0	0	0	0	0	0	0	0	0	0	0	0	0	0.365808	0	0	0	0	1
highly	0	0	0	0	0	0	0	0	0	0	0	0	0	0	0	0	0	0.70986	0	0	0	0	0	0	1
fair	0	0.517598	0	0	0	0	0.393184	0	0	0	0	0	0	0	0	0	0	0	0	0	0	0	0	0	2
henry	0	0	0	0	0	0	0	0	0	0	0	0	0.196045	0	0	0	0	0	0	0	0	0	0	0	1
table	0.374818	0	0	0	0	0	0	0	0	0	0	0	0	0	0	0	0	0	0	0	0	0	0	0	1
kids	0	0	0	0	0	0	0	0	0	0	0	0	0	0.728519	0	0	0	0.590741	0	0	0	0	0	0	2
bosnia	0.231039	0	0	0	0.298371	0	0	0	0	0	0	0	0	0	0.239437	0	0	0.346778	0	0	0	0	0	0	4
rice	0	0.317563	0	0	0	0	0	0	0	0	0	0	0	0	0	0	0	0	0	0	0	0	0	0	1
carolina	0	0	0	0.365082	0	0	0	0	0	0	0	0	0	0	0	0.283399	0	0	0	0	0	0	0	0	2
interests	0	0	0	0.30011	0	0	0.453402	0	0	0.291667	0	0	0	0	0.278167	0	0	0	0	0.523002	0	0.552093	0	0	6
standards	0	0	0	0	0	0	0	0	0	0	0	0	0	0	0.274401	0	0	0	0	0	0	0	0	0	1
trust	0	0	0	0	0.512035	0	0.400997	0	0	0	0	0	0	0.718637	0	0	0	0	0	0	0	0	0	0	3
iranian	0	0	0	0	0	0	0	0	0	0	0	0	0	0	0	0.265547	0	0	0	0	0	0	0	0	1
bob	0	0	0	0	0	0	0	0	0	0	0	0	0	0	0	0	0.184053	0	0	0	0	0.28683	0	0	2
diplomatic	0	0	0	0	0	0	0	0	0	0.340734	0	0	0	0	0	0	0	0	0	0	0	0	0	0	1
cold	0	0	0	0	0	0	0	0	0.699304	0	0	0	0	0	0	0	0	0	0	0	0	0	0	0	1
regime	0.363406	0	0	0	0	0	0	0	0	0	0	0	0	0	0	0	0	0	0	0	0	0	0	0	1
penalty	0	0.385799	0	0	0	0	0	0.547263	0	0	0	0	0	0	0	0	0	0	0	0	0	0	0	0	2
rescue	0	0	0	0	0	0	0	0	0	0	0	0	0	0	0	0	0.420856	0	0	0	0	0	0	0	1
specific	0	0	0	0	0	0	0	0	0	0	0.389102	0	0	0	0	0	0	0	0	0	0	0	0	0	1
card	0	0	0	0.3163	0	0	0	0	0	0	0	0	0	0	0	0	0	0	0	0	0	0	0	0	1
benefits	0	0	0	0	0	0	0	0	0	0	0	0	0	0	0	0	0.349667	0	0	0	0	0	0	0	1
pretty	0	0	0	0	0	0	0	0	0	0.337956	0	0	0	0	0	0	0	0	0	0	0	0	0	0	1
capacity	0	0	0	0	0	0	0	0	0	0.299215	0	0	0	0	0	0	0	0	0	0	0	0	0	0	1
fed	0	0	0	0	0	0	0	0	0	0	0	0	0	0	0	0	0	0	0.245181	0	0	0	0	0	1
climate	0	0	0	0	0	0	0	0	0	0	0	0	0.595627	0	0	0	0	0	0	0	0	0.547346	0	0	2
roman	0	0	0	0	0	0	0	0	0	0	0.331947	0	0	0	0	0	0	0	0	0	0	0	0	0	1
mary	0	0	0	0	0	0	0	0	0	0	0	0	0	0	0	0	0	0	0.238955	0	0	0	0	0	1
structure	0	0	0	0	0	0	0.412709	0	0	0	0	0	0	0	0	0	0	0	0	0	0	0	0	0	1
worldwide	0	0	0	0	0	0.394908	0	0	0	0	0	0	0	0	0	0	0	0	0	0	0	0	0	0	1
southeast	0	0	0	0	0	0	0.346994	0	0	0	0	0	0	0	0	0	0	0	0	0	0	0	0	0	1
plants	0	0	0	0	0	0	0	0	0	0	0	0	0	0	0	0	0	0	0	0	0	0.564068	0	0	1
respect	0	0	0	0	0	0	0	0	0	0.293908	0	0	0	0	0	0	0	0	0	0	0	0	0	0	1
joe	0.199763	0	0	0	0.251537	0.343231	0.339383	0	0	0	0	0	0.228782	0.31087	0	0	0	0.460487	0	0	0	0.235731	0	0	8
pennsylvania	0	0	0	0	0.355453	0	0	0	0	0	0	0	0	0	0.293872	0	0	0	0	0	0	0	0	0	2
ohio	0	0	0	0	0	0	0	0	0	0	0	0	0	0	0	0	0	0	0.307055	0	0	0	0	0	1
assistance	0	0	0	0	0	0	0	0	0.702295	0	0	0	0	0	0	0	0	0	0	0	0	0	0	0	1
jim	0	0	0	0	0	0	0	0	0	0.348304	0	0	0	0	0	0	0	0	0	0	0	0	0	0	1
kim	0	0	0	0	0	0	0	0	0	0	0	0	0.209823	0	0	0	0	0	0	0	0	0	0	0	1
gun	0	0	0	0	0.503726	0	0	0	0	0	0	0	0	0	0.266158	0	0	0	0	0	0	0	0	0	2
syria	0	0	0	0	0	0	0	0	0	0	0	0	0	0.277753	0	0	0	0	0	0	0	0	0	0	1
mccain	0.798105	0.355348	0	0.39939	0.431847	0	0	0.44209	0	0	0	0.424331	0.927234	0	0.412899	0	0.897381	0	0	0	0.274617	0	0.320605	0	11
combat	0	0	0	0	0	0	0	0	0	0	0	0	0	0	0	0.485126	0	0	0	0	0.581037	0	0	0	2
package	0	0	0	0	0	0	0	0	0	0	0	0	0	0	0	0	0.420856	0	0	0	0	0	0	0	1
fort	0	0	0	0.332215	0	0	0	0	0	0	0	0	0	0	0	0	0	0	0	0	0	0	0	0	1
chris	0	0.400159	0.323741	0	0	0	0.33113	0	0	0.382311	0	0.329916	0	0	0	0.406924	0	0	0	0	0.351636	0	0	0	7
cell	0	0	0	0	0	0	0	0	0	0	0	0	0	0.706275	0	0	0	0	0	0	0	0	0	0	1
solution	0	0	0.951334	0	0	0	0	0	0	0	0	0	0	0	0	0	0	0	0	0	0	0	0	0	1
taxes	0	0	0	0	0	0	0	0	0	0.409416	0	0.492866	0.565096	0	0	0	0	0	0	0	0	0.570907	0	0	4
voting	0	0	0	0	0	0	0	0	0	0	0.483553	0	0	0	0	0	0	0	0	0	0	0	0	0	1
gains	0.351415	0.395952	0	0	0	0	0	0	0	0	0	0	0	0	0	0	0	0	0	0	0	0	0	0	2
stone	0	0	0	0	0	0	0	0	0	0	0	0	0	0	0.286301	0	0	0	0	0	0	0	0	0	1
steel	0	0	0	0	0	0	0	0	0	0	0	0	0	0	0	0	0	0	0	0	0.50195	0	0	0	1
answer	0	0	0	0	0	0	0	0	0	0.340734	0	0	0	0	0	0	0	0	0	0	0	0	0	0	1
massachusetts	0	0	0	0	0	0	0	0	0	0	0	0.479212	0	0	0	0	0	0	0	0	0.270284	0	0	0	2
jack	0	0	0	0.3321	0	0	0	0.341298	0	0	0	0	0	0	0	0	0	0	0	0	0	0	0	0	2
accounts	0	0	0	0	0	0	0	0.600443	0	0	0	0	0	0	0	0	0	0	0	0	0	0	0	0	1
direction	0	0	0	0	0	0	0	0	0	0	0	0	0	0	0	0	0	0	0.587343	0	0	0.552024	0	0	2
philadelphia	0	0	0	0	0.329813	0	0	0	0	0	0	0	0	0	0	0	0	0	0	0	0	0	0	0	1
arizona	0	0	0	0.407299	0	0	0	0	0	0	0	0	0	0	0	0	0	0	0	0	0.394772	0	0	0	2
senator	0.798105	0.355348	0.321495	0.307866	0.431847	0.401786	0.50058	0.44209	0.460454	0	0.342875	0.424331	0.927234	0.471598	0.809607	0.516645	0.897381	0.338114	0.375847	0	0	0.944657	0.384943	0.328261	21
sexual	0	0	0	0	0	0	0	0	0	0	0	0	0	0.753141	0	0	0	0	0	0	0	0	0	0	1
owners	0	0	0	0	0.503726	0	0	0	0	0	0	0	0	0	0.266158	0	0	0	0	0	0	0	0	0	2
aids	0	0	0	0	0	0.319473	0	0	0	0	0	0	0	0	0	0.239882	0	0	0	0	0	0	0	0	2
profits	0.405711	0	0	0	0	0	0	0	0	0	0	0	0	0	0	0	0	0	0	0	0	0	0	0	1
immigration	0	0	0	0	0	0	0	0.623074	0.77364	0.291803	0	0.571932	0	0	0	0	0	0	0	0	0	0	0	0	4
michigan	0	0	0	0	0	0	0	0	0	0	0	0	0	0	0	0	0	0	0	0.386034	0	0	0	0	1
kansas	0	0	0.611397	0	0	0	0	0	0	0	0	0	0	0	0.236564	0	0	0	0	0	0	0	0	0	2
loan	0	0	0	0	0	0	0	0	0	0	0	0	0	0	0	0	0	0	0	0	0	0.560857	0	0	1
funding	0.395133	0	0	0	0	0	0	0	0	0	0	0	0	0	0	0	0	0	0	0	0	0	0	0	1
permanent	0	0	0	0	0	0	0	0	0	0	0	0	0.19375	0	0	0	0	0	0	0	0	0	0	0	1
code	0	0.42491	0.732196	0.301639	0	0	0	0	0	0	0	0	0	0	0	0	0	0	0	0	0	0	0	0	3
poverty	0	0	0	0	0	0	0	0	0	0	0	0.517175	0	0	0	0	0	0	0	0	0	0	0	0	1
kennedy	0	0	0	0	0	0	0	0	0	0	0.356352	0.34839	0	0	0	0	0	0	0	0	0	0	0	0	2
bin	0.189268	0	0	0.298739	0.501666	0	0	0	0	0	0	0	0	0	0	0	0.233976	0	0	0	0	0	0	0.374533	5
hussein	0	0	0.344417	0.309177	0.482792	0	0	0	0	0.37038	0	0.387507	0	0.278734	0	0	0	0	0	0	0.284804	0	0	0.3966	8
coverage	0	0	0	0	0	0	0	0	0.696952	0	0	0	0.568136	0	0	0	0	0	0	0	0	0	0	0	2
pakistani	0	0	0	0	0	0	0	0	0	0	0	0	0	0	0	0	0	0	0	0	0.278991	0	0	0	1
difference	0.353985	0	0	0	0	0	0	0	0	0	0	0	0	0	0	0	0	0	0	0	0	0	0	0	1
hockey	0	0	0	0	0	0	0	0	0	0	0	0	0.21688	0	0	0	0	0	0	0	0	0	0	0	1
detroit	0	0	0.332507	0.330647	0	0	0	0	0	0	0	0	0	0	0	0	0	0	0	0	0	0	0	0	2
strategic	0	0	0	0	0	0	0	0	0	0	0	0.425208	0	0	0	0	0	0	0	0	0	0	0	0	1
pace	0	0	0	0	0	0	0	0	0	0	0	0	0	0	0	0	0	0.341091	0	0	0	0	0	0	1
treasury	0	0	0	0	0	0	0	0	0	0	0	0	0	0	0	0	0.19642	0	0	0	0	0.206735	0	0	2
fiscal	0	0	0	0	0	0.445101	0	0	0	0	0	0	0	0	0	0	0	0	0	0	0	0	0	0	1
ukraine	0	0	0	0	0	0	0	0	0	0	0	0	0	0	0	0	0	0	0	0	0	0.227177	0	0	1
clean	0.365131	0	0	0	0	0	0	0	0	0	0	0	0	0.769226	0	0	0.363117	0	0	0	0	0	0	0	3
qaida	0	0	0	0	0	0	0	0	0.497724	0	0	0.304901	0	0	0	0	0	0	0	0	0.278701	0	0.268941	0.419141	5
columbia	0	0	0	0	0	0	0	0.299101	0	0	0	0	0	0	0	0	0	0	0	0	0	0	0	0	1
alternative	0.39968	0	0	0	0	0.420214	0	0	0	0	0	0	0	0	0	0	0	0	0	0	0	0	0	0	2
enforcement	0	0	0	0	0	0	0	0	0	0	0	0	0	0	0	0	0	0	0	0	0.519248	0	0	0	1
howard	0	0	0	0	0	0.318276	0	0	0	0	0	0	0	0	0	0	0	0	0	0	0	0	0	0	1
broad	0	0	0.726777	0	0	0	0	0	0	0	0	0	0	0	0	0	0	0	0	0	0	0	0	0	1
seattle	0	0	0	0	0	0.347153	0	0	0	0	0	0	0	0	0	0	0	0	0	0	0	0	0	0	1
everybody	0	0	0	0	0	0	0	0.546706	0	0	0.399416	0.523625	0	0	0	0	0	0	0	0	0	0	0	0	3
immigrants	0	0	0	0	0	0	0	0	0	0	0	0	0	0	0	0	0	0	0	0	0	0	0.238872	0	1
sudan	0	0	0	0	0	0	0	0.291177	0	0	0	0.312564	0.186137	0.335941	0	0	0	0.313764	0	0	0	0	0	0	5
lewis	0	0	0.302585	0	0	0	0	0	0	0	0	0	0	0	0	0	0	0	0	0	0	0.548877	0	0	2
manufacturing	0	0	0	0	0	0	0	0	0	0	0	0	0	0	0	0	0	0	0	0	0.671453	0	0	0	1
constitutional	0	0	0	0	0	0	0	0	0	0	0	0	0	0	0	0	0	0	0	0.529954	0	0	0	0	1
retail	0	0	0	0	0	0	0.500441	0	0	0	0	0	0	0	0	0	0	0	0	0	0	0	0	0	1
wilson	0	0	0	0	0	0	0	0	0	0	0	0	0	0	0	0	0	0	0	0	0	0	0	0.322739	1
secure	0	0	0	0	0	0	0	0	0	0	0.388677	0	0	0	0	0	0	0	0	0	0	0	0	0	1
destruction	0	0	0.689191	0	0	0	0	0	0.769255	0	0	0	0	0	0	0	0	0	0	0	0	0	0	0	2
remember	0	0	0	0	0	0	0	0	0	0.366443	0	0	0	0	0	0	0	0	0	0	0	0	0	0	1
assault	0	0	0	0	0.24827	0	0	0	0	0	0	0	0	0	0	0	0	0	0	0	0	0	0	0	1
prosecutor	0	0	0	0	0	0	0	0	0	0.366629	0	0	0	0	0	0	0	0	0	0	0	0	0	0	1
powell	0	0	0	0.345932	0	0	0.315434	0	0	0	0	0	0	0	0	0	0	0	0	0	0	0	0	0	2
truth	0	0	0	0	0	0	0	0	0	0	0	0	0	0	0	0	0	0.626042	0	0	0	0	0	0	1
pentagon	0	0	0	0	0	0	0	0	0	0.261416	0	0	0	0	0	0	0	0	0	0	0	0	0	0	1
saint	0	0	0.314628	0	0	0	0	0	0	0	0	0	0	0	0	0	0	0	0	0	0	0	0	0	1
diego	0	0	0	0	0	0	0	0	0	0	0	0	0	0	0	0	0	0	0	0	0.456133	0	0	0	1
arabia	0	0	0	0	0	0	0.294246	0.307006	0	0.31135	0	0	0	0	0	0	0	0	0	0	0	0	0	0	3
controversial	0.365269	0	0	0	0	0	0	0	0	0	0	0	0	0	0	0	0	0	0	0	0	0	0	0	1
judges	0	0	0	0	0	0	0	0	0	0	0.385772	0	0	0	0	0	0	0	0	0	0	0	0	0	1
multiple	0	0	0	0	0	0	0	0	0.700282	0	0	0	0	0	0	0	0	0	0	0	0	0	0	0	1
academic	0	0.28418	0	0	0	0	0	0	0	0	0	0	0	0	0	0	0	0	0	0	0	0	0	0	1
opportunities	0	0	0	0	0	0	0	0	0	0	0	0	0	0	0	0	0	0	0	0.524647	0	0	0	0	1
text	0	0	0	0	0	0	0	0	0	0	0	0	0	0	0	0	0	0	0.501476	0	0	0	0	0	1
corps	0	0	0	0	0	0.372146	0.315979	0	0	0	0	0	0	0	0	0	0	0	0	0	0	0	0	0	2
illinois	0	0	0	0	0	0	0	0	0	0	0	0	0	0	0	0	0	0	0	0	0	0.2271	0	0	1
initiative	0	0	0	0	0	0	0.347771	0	0	0	0	0	0	0	0	0	0	0	0	0	0	0	0	0	1
dream	0	0	0	0	0	0	0	0	0	0	0	0	0	0	0	0	0	0	0	0	0	0.559508	0	0	1
values	0	0	0.708048	0	0	0	0	0	0	0	0	0	0	0	0	0	0	0	0	0.616537	0	0.573796	0	0	3
laden	0.189268	0	0	0.298739	0.501666	0	0	0	0	0	0	0	0	0	0	0	0.233976	0	0	0	0	0	0	0.374533	5
deals	0	0	0	0	0	0	0	0	0	0	0	0	0	0	0	0	0	0	0	0	0.504449	0	0	0	1
manhattan	0	0.340181	0	0	0.247736	0	0	0	0	0	0	0	0	0	0	0	0	0	0	0	0	0	0.236204	0	3
behavior	0	0	0	0	0	0	0	0	0.69784	0	0	0	0	0	0	0	0	0	0	0	0	0	0	0	1
principal	0.173199	0	0	0	0	0	0	0	0	0	0	0	0	0	0	0	0	0	0	0	0	0	0	0	1
flat	0	0	0.992339	0	0	0	0	0	0	0	0	0	0	0	0	0	0	0	0	0	0	0	0	0	1
borders	0	0	0	0.314693	0	0	0	0	0	0	0	0	0	0	0	0	0	0	0	0	0	0	0	0	1
employment	0	0	0	0	0	0	0	0	0	0	0	0.5644	0	0	0	0	0	0	0	0	0	0	0	0	1
ray	0	0	0.333274	0	0	0	0	0	0	0	0	0	0	0	0	0	0	0	0	0	0.265594	0	0	0	2
welfare	0	0	0	0	0	0	0	0.545887	0	0	0	0	0	0	0	0	0	0	0	0	0	0	0	0	1
emerging	0	0	0	0	0	0	0	0	0	0.337349	0	0	0	0	0	0	0	0	0	0	0	0	0	0	1
mutual	0	0	0	0	0	0	0	0	0.769255	0	0	0	0	0	0	0	0	0	0	0	0	0	0	0	1
venezuela	0	0	0	0	0	0	0	0	0.42055	0	0	0	0	0	0	0	0	0	0	0	0	0	0	0	1
solid	0	0	0.709569	0	0	0	0	0	0	0	0	0	0	0	0	0	0	0	0	0.52824	0	0	0	0	2
milosevic	0	0	0	0	0	0	0	0	0	0	0	0	0	0	0	0	0	0.372577	0	0	0	0	0	0	1
yankees	0	0	0	0	0	0	0	0	0	0	0	0	0	0	0	0	0	0	0	0	0	0	0.267761	0	1
vast	0	0	0	0	0	0	0	0	0	0	0	0	0	0	0	0	0	0.581496	0	0	0	0	0	0	1
coal	0.365131	0	0	0	0	0	0	0	0.752783	0	0	0	0	0	0	0	0.363117	0	0	0	0	0	0	0	3
islam	0	0	0	0	0	0	0	0.57862	0.697098	0	0	0	0	0	0	0	0	0	0	0	0	0	0	0	2
regulations	0	0	0	0	0	0	0	0	0.773346	0	0	0	0	0	0	0	0	0	0	0	0	0	0	0	1
nbc	0	0	0	0	0	0	0	0	0	0	0	0	0	0	0	0	0	0	0.23812	0	0	0	0	0	1
photo	0	0	0	0	0	0	0	0.547194	0	0	0	0	0	0	0	0	0	0	0	0	0	0	0	0	1
producing	0	0	0	0	0	0	0	0	0	0	0	0	0.578968	0	0	0	0	0	0	0	0	0	0	0	1
temporary	0	0	0	0.379782	0	0	0	0	0	0	0	0	0	0	0	0	0	0	0	0	0	0	0	0	1
tim	0	0	0	0	0	0	0.344706	0	0	0	0	0	0	0.290467	0	0	0	0.330039	0.32151	0	0	0	0	0	4
kuwait	0	0	0	0	0	0	0	0	0	0	0	0	0	0.26993	0	0	0	0	0	0	0	0	0	0	1
hezbollah	0.167075	0	0	0	0	0	0	0	0	0	0	0	0	0	0	0	0	0	0	0	0	0	0	0	1
envoy	0	0	0	0	0	0	0	0	0	0	0	0	0	0.749623	0	0	0	0	0	0	0	0	0	0	1
harry	0	0	0.339326	0	0	0	0.328083	0	0	0	0	0.344801	0	0	0	0	0	0	0	0	0	0	0	0	3
worker	0	0	0	0.379782	0	0	0	0	0	0	0	0	0	0	0	0	0	0	0	0	0	0	0	0	1
rating	0	0	0	0	0	0	0	0.562112	0	0	0	0	0	0	0	0	0	0	0	0	0	0	0	0	1
moderate	0	0	0	0	0	0	0	0	0	0	0	0.507786	0	0	0	0	0	0	0	0	0	0	0	0	1
anderson	0	0.290901	0	0	0	0	0	0	0	0	0	0	0	0	0	0	0	0.309134	0.297469	0	0	0	0	0	3
christopher	0	0	0	0	0	0.347446	0	0	0	0	0	0	0	0	0	0	0	0	0	0	0	0	0	0	1
sam	0	0	0.320456	0	0	0	0	0	0	0	0	0	0	0	0	0	0	0	0	0	0	0	0	0	1
alan	0	0	0	0	0	0	0	0	0	0	0	0	0	0	0	0	0.180495	0	0	0	0	0.206903	0	0	2
device	0	0	0	0	0	0	0	0	0	0	0	0	0	0	0	0	0	0	0	0	0.524073	0	0	0	1
clark	0	0	0	0	0.272971	0	0	0	0	0	0	0	0	0	0	0	0	0	0	0	0	0	0	0	1
iowa	0	0.342827	0.304889	0	0	0	0.290399	0	0.43216	0	0.398455	0.321351	0	0.316562	0	0	0	0	0.250082	0.543373	0.284788	0	0	0	10
cia	0	0	0	0	0	0	0	0	0	0	0	0	0	0	0	0	0	0	0	0	0	0	0	0.333667	1
minimum	0	0	0	0	0	0	0	0	0	0	0	0	0	0.758068	0	0	0	0	0	0	0	0	0	0	1
ticket	0	0	0	0	0	0	0	0	0	0.292835	0	0	0.552484	0	0	0	0	0	0	0	0	0	0	0	2
cleveland	0	0	0	0	0	0	0	0	0	0	0	0	0	0	0	0	0	0	0.36988	0	0	0	0	0	1
chavez	0	0	0	0	0	0	0	0	0.439655	0	0	0	0	0	0	0	0	0	0	0	0	0	0	0	1
barack	0.759086	0	0	0	0	0.426809	0	0	0	0	0	0.315177	0.595485	0	0	0	0	0.473489	0	0	0	0	0	0	5
barrel	0	0	0	0	0	0	0	0	0	0	0	0	0	0	0	0	0	0	0	0	0.495838	0.562186	0	0	2
radical	0	0	0	0.315396	0	0	0	0.57862	0.697098	0	0	0	0	0	0	0	0	0	0	0	0	0	0	0	3
denver	0	0	0	0	0	0	0	0	0	0	0	0	0	0	0.225292	0	0	0	0	0	0	0	0	0	1
d.c.	0	0	0.312842	0	0	0	0	0	0	0	0	0	0.197811	0	0	0	0	0	0	0.336076	0	0.209088	0	0	4
patrol	0	0	0	0	0	0	0	0	0	0	0	0	0	0	0	0	0	0.311941	0	0	0	0	0	0	1
circumstances	0	0	0	0	0	0	0	0	0.697557	0	0	0	0	0	0	0	0	0	0	0	0	0	0	0	1
ryan	0	0	0	0	0	0	0	0	0	0	0	0	0	0	0	0.238814	0	0	0	0	0	0	0	0	1
aggressive	0	0	0.706229	0	0	0	0	0	0	0	0	0	0	0	0	0	0	0	0	0	0	0	0	0	1
outstanding	0	0	0	0	0	0	0	0	0	0	0	0	0	0	0.289432	0	0	0	0	0	0	0	0	0	1
tennessee	0	0	0	0	0	0	0	0	0	0	0.404054	0	0	0	0	0	0	0	0	0	0	0	0	0	1
orleans	0	0	0	0	0	0.31107	0	0	0	0	0	0	0	0	0	0.29327	0	0	0.257251	0.403272	0	0	0	0	4
maryland	0	0	0	0	0	0	0	0.275047	0	0	0	0	0	0	0	0	0	0	0	0.375014	0	0	0	0	2
universal	0	0	0	0	0	0	0	0	0	0	0	0	0	0.72036	0	0.681909	0	0	0	0	0	0	0	0	2
sunni	0	0	0.721576	0	0	0	0	0	0	0	0	0	0	0	0	0	0	0	0	0	0	0	0	0	1
qaeda	0	0	0	0.303672	0.493865	0	0	0	0	0	0	0	0.552179	0	0	0	0	0	0	0	0	0	0	0	3
waste	0	0	0	0	0	0	0	0	0	0	0	0	0	0	0	0	0	0	0	0	0	0.219399	0	0	1
mortgage	0.375677	0	0	0	0	0	0	0	0	0	0	0	0	0	0	0	0	0	0	0	0	0	0	0	1
savings	0	0	0	0	0	0	0	0.600443	0	0	0	0	0	0	0	0	0	0	0	0	0	0	0	0	1
veterans	0	0	0	0	0	0	0	0	0	0	0	0	0	0	0.222169	0	0	0	0	0	0	0	0	0	1
requirements	0	0	0	0.302209	0	0	0	0	0	0	0	0	0	0	0	0	0	0	0	0	0	0	0	0	1
ceo	0	0	0	0	0	0	0	0	0	0	0	0	0	0	0	0	0.184008	0	0	0	0	0	0	0	1
thompson	0	0	0	0	0	0	0	0	0	0.384464	0	0.319435	0	0	0	0	0	0	0	0	0	0	0.284254	0	3
kurdish	0	0	0.721709	0	0	0	0	0	0	0	0	0	0	0	0	0	0	0	0	0	0	0	0	0	1
revolutionary	0	0	0	0	0	0	0	0	0	0	0	0	0	0	0	0.265547	0	0	0	0	0	0	0	0	1
connecticut	0	0	0	0	0	0.335838	0	0	0	0	0	0	0	0	0	0	0	0	0	0	0	0	0	0	1
musharraf	0	0	0	0	0.25101	0.370765	0	0	0	0	0.325123	0	0	0	0	0	0	0.341269	0	0	0	0	0.24029	0	5
louisiana	0	0	0	0	0	0	0	0.284014	0	0	0	0	0	0	0	0	0	0.300854	0	0	0	0	0	0	2
financing	0	0	0	0	0	0	0	0	0	0	0	0	0	0	0	0	0	0.651725	0	0	0	0	0	0	1
principle	0	0	0	0	0	0	0	0	0	0	0	0	0	0	0	0	0	0	0	0.525528	0	0	0	0	1
principles	0	0	0	0	0	0	0	0	0	0	0	0	0.546651	0	0	0	0	0	0.521789	0.52824	0	0	0	0	3
edwards	0	0	0	0	0	0.37935	0	0	0	0	0	0	0	0.296408	0	0.272856	0	0	0.30726	0	0	0	0.239897	0	5
homeland	0	0	0	0	0	0	0	0	0.781418	0.367054	0	0	0	0	0	0	0	0	0	0	0.503897	0	0	0	3
toyota	0	0	0	0.335159	0	0	0	0	0	0	0	0	0	0	0	0	0	0	0	0	0	0	0	0	1
technologies	0	0	0	0	0	0.420214	0	0	0	0	0	0	0	0	0	0	0	0	0	0	0	0	0	0	1
founding	0	0.390162	0	0	0	0	0	0	0	0	0	0	0	0	0	0	0	0	0	0	0	0	0	0	1
moral	0	0	0	0	0	0	0.452695	0	0	0	0	0	0	0	0	0	0	0.636578	0	0.525528	0	0	0	0	3
extent	0	0	0	0	0	0	0	0	0	0	0	0	0	0	0	0.457868	0	0	0	0	0	0	0	0	1
ordinary	0	0	0	0	0	0	0	0	0	0	0	0	0	0	0.272252	0	0	0	0	0	0	0	0	0	1
stages	0	0	0	0	0	0	0	0	0.698133	0	0	0	0	0	0	0	0	0	0	0	0	0	0	0	1
weapon	0	0	0	0	0	0	0	0	0	0.473765	0	0	0	0	0	0	0	0	0	0	0	0	0	0	1
benjamin	0	0	0	0	0	0	0	0.286921	0	0	0	0	0	0	0	0	0	0	0	0	0	0	0	0	1
uranium	0	0	0	0	0	0	0	0	0	0	0	0	0	0	0	0	0	0.70986	0	0	0	0	0	0	1
carbon	0	0	0	0	0	0.44107	0.411055	0	0	0	0	0	0	0	0	0	0	0	0	0	0	0	0	0	2
hampshire	0	0	0	0.419904	0	0	0	0	0	0	0	0.410825	0	0	0	0.314696	0	0	0	0	0	0	0	0	3
wisconsin	0	0	0	0	0	0	0	0	0	0	0.323816	0	0	0	0	0	0	0	0	0	0	0	0	0	1
dick	0	0	0.316167	0	0.263598	0	0	0	0	0	0.336829	0	0	0	0	0	0	0	0	0	0	0	0	0	3
chiefs	0	0	0	0	0.249063	0	0	0	0	0	0	0	0	0	0	0	0	0	0	0	0	0	0	0	1
conservatives	0	0	0	0	0	0	0	0	0	0	0	0	0	0	0	0	0	0	0	0.493619	0	0	0	0	1
peacekeeping	0	0	0	0	0	0	0	0	0	0	0	0	0	0.765768	0	0	0	0	0	0	0	0	0	0	1
missions	0	0	0	0	0	0	0	0	0	0	0	0	0	0	0	0.485126	0	0	0	0	0	0	0	0	1
wage	0	0	0	0	0	0	0	0.57768	0	0	0	0	0	0.758068	0	0.455479	0	0	0	0	0	0	0	0	3
wto	0	0	0	0	0	0	0	0	0	0	0	0	0	0	0	0	0	0	0.45339	0	0	0	0	0.309508	2
emissions	0	0	0	0	0	0	0	0	0	0	0	0	0	0.702004	0	0	0	0	0	0	0	0	0	0	1
darfur	0	0	0	0	0	0	0	0	0	0	0	0	0	0.471051	0	0	0	0.324686	0	0	0	0	0	0	2
wright	0	0	0	0	0.251056	0.3062	0	0	0	0	0	0	0	0	0.322613	0	0	0	0	0	0	0	0	0	3
surge	0	0	0	0	0	0	0	0	0	0	0	0.490845	0.546651	0	0	0	0	0	0	0	0	0	0	0	2
dennis	0	0	0	0	0	0	0	0	0	0	0	0	0	0	0	0	0	0	0.502361	0	0	0	0	0	1
stem	0	0	0	0	0	0	0	0	0	0	0	0	0	0.706275	0	0	0	0	0	0	0	0	0	0	1
plate	0	0	0	0	0	0	0	0	0	0	0	0	0	0	0	0	0	0	0	0	0.50195	0	0	0	1
totally	0	0	0	0	0	0	0	0.543039	0	0	0	0	0	0	0	0	0	0	0	0	0	0	0	0	1
somebody	0	0	0.70228	0	0	0	0	0	0	0	0	0	0	0	0.304279	0	0	0	0	0	0	0	0	0	2
fundamental	0.353985	0	0	0	0	0	0	0	0	0	0	0	0	0	0	0	0	0	0	0.525528	0	0	0	0	2
ron	0	0	0	0	0	0	0	0.360637	0	0	0	0	0	0	0	0	0	0	0	0	0	0	0	0	1
marines	0	0	0	0	0	0	0	0	0	0	0	0	0	0	0	0	0	0	0	0	0.274821	0	0	0	1
roberts	0	0	0	0	0	0	0	0	0	0	0.340789	0	0	0	0	0	0	0	0	0	0	0	0	0	1
sovereignty	0	0	0	0	0	0	0	0	0	0	0	0	0	0	0	0	0	0	0	0.494715	0	0	0	0	1
inner	0	0	0	0	0	0	0.39806	0	0	0	0	0	0	0	0	0	0	0	0	0	0	0	0	0	1
rolling	0	0	0	0	0	0	0	0	0	0	0	0	0	0	0.286301	0	0	0	0	0	0	0	0	0	1
hillary	0	0.362846	0	0	0	0.313169	0.375634	0	0	0.318795	0.379111	0	0	0	0	0.275955	0	0.613458	0	0	0	0	0.247461	0	8
breaks	0.430271	0	0	0	0	0	0	0	0	0	0	0	0.565471	0	0	0	0.363327	0.582317	0	0	0	0	0	0	4
alaska	0.171013	0	0	0.301752	0	0	0	0	0	0	0.323767	0	0.249157	0	0	0	0	0	0	0	0	0	0	0	4
warren	0	0	0	0	0	0	0	0	0	0	0	0	0	0	0	0.235156	0.207043	0	0	0	0	0.198249	0	0	3
childhood	0	0	0	0	0	0.422506	0	0	0	0	0	0	0	0	0	0	0	0	0	0	0	0	0	0	1
fred	0	0	0	0	0	0	0	0	0	0.384464	0	0.344149	0	0	0	0	0	0	0	0	0	0	0.232546	0	3
medicare	0	0	0	0	0	0	0	0	0	0	0.422191	0	0	0	0	0	0.174054	0	0.29707	0	0	0	0	0	3
rape	0	0	0.332792	0	0	0	0	0	0	0	0	0	0	0	0	0	0	0	0	0	0	0	0	0	1
colin	0	0	0	0.345932	0	0	0.315434	0	0	0	0	0	0	0	0	0	0	0	0	0	0	0	0	0	2
cheney	0.230866	0	0.316167	0	0.263598	0	0.411386	0	0	0	0.336829	0	0	0	0	0.267343	0	0	0	0	0	0	0	0	6
reagan	0.177054	0.316797	0.388432	0.438043	0.259564	0	0	0.302693	0	0	0	0.323185	0.234712	0	0	0	0	0	0	0	0.280661	0.268555	0.352704	0	11
scientist	0	0	0	0	0	0	0	0.299622	0	0	0	0	0	0	0	0	0	0	0	0	0	0	0	0	1
arkansas	0	0.330496	0	0	0	0	0	0	0	0	0	0	0	0	0	0	0	0	0	0	0	0	0	0	1
cnn	0	0	0	0	0	0	0	0	0	0	0	0	0	0	0	0	0	0	0.249229	0	0	0	0	0	1
efficient	0	0	0	0	0	0	0	0	0	0	0	0	0	0	0	0.459181	0	0	0	0	0	0	0	0	1
strict	0	0	0	0	0	0	0	0	0	0	0	0	0.545623	0	0	0	0	0	0	0	0	0	0	0	1
troop	0	0	0	0	0	0	0	0	0	0	0	0	0	0	0	0	0	0.602461	0	0	0	0	0	0	1
kitchen	0.374818	0	0	0	0	0	0	0	0	0	0	0	0	0	0	0	0	0	0	0	0	0	0	0	1
warming	0	0	0	0	0	0.395962	0	0.572336	0	0	0	0	0	0	0	0	0	0	0	0	0	0	0	0	2
charlie	0	0	0	0	0.423548	0	0	0	0.625249	0	0	0.339546	0	0	0.51884	0	0	0	0	0	0	0	0	0	4
franklin	0	0	0	0	0	0	0	0.286921	0	0	0	0	0	0	0	0	0	0	0	0	0	0	0	0	1
21st	0	0	0	0	0	0.491929	0	0	0	0	0	0	0	0	0	0	0	0	0	0	0	0	0	0	1
karl	0	0	0	0	0	0	0	0.304188	0	0	0	0	0	0	0	0	0	0	0	0	0	0	0	0	1
todd	0	0	0	0	0	0	0	0	0	0	0	0	0.208243	0	0	0	0	0	0	0	0	0	0	0	1
judgment	0	0	0	0	0	0	0.452695	0	0	0	0	0	0	0	0	0	0	0	0	0	0	0	0	0	1
des	0	0	0	0	0	0	0	0.299815	0	0	0	0	0	0	0	0	0	0	0	0	0	0	0	0	1
liberty	0	0	0	0	0	0	0	0	0	0	0	0	0	0	0	0	0	0	0.2455	0	0	0	0	0	1
tip	0	0	0	0	0	0	0	0	0	0	0	0	0	0	0	0	0	0	0	0	0	0.209355	0	0	1
parker	0	0	0.313396	0	0	0	0	0	0	0	0	0	0	0	0	0	0	0	0	0	0	0	0	0	1
veto	0	0	0	0	0	0	0.401544	0	0	0	0	0	0	0	0	0	0	0	0	0	0	0	0	0	1
enemies	0	0	0	0	0	0	0	0	0.700282	0	0	0	0	0	0	0	0	0	0	0	0	0	0	0	1
cream	0	0	0	0	0	0	0.395401	0	0	0	0	0	0	0	0	0	0	0	0	0	0	0	0	0	1
privately	0	0	0	0	0	0	0	0	0	0.327072	0	0	0	0	0	0	0	0	0	0	0	0	0	0	1
ronald	0.177054	0.316797	0.388432	0.291619	0	0	0	0.302693	0	0	0	0.323185	0	0	0	0	0	0	0	0	0.280661	0	0	0	7
gingrich	0	0	0	0	0	0	0	0	0	0.287623	0	0	0	0	0	0	0	0	0	0	0	0	0	0	1
wonderful	0	0	0	0	0.486198	0	0	0	0	0	0	0	0	0	0	0	0	0	0	0	0	0	0	0	1
omar	0	0	0	0	0	0	0.290854	0	0	0	0	0	0	0	0	0	0	0	0	0	0	0	0	0	1
mac	0	0	0	0	0	0	0	0	0	0	0	0	0.222673	0	0	0	0	0	0	0	0	0.210246	0	0	2
hunter	0	0.298791	0	0	0	0	0	0.289619	0	0	0	0	0	0	0	0	0	0	0	0	0.363088	0	0	0	3
enron	0	0.292736	0	0	0.241748	0	0	0	0	0	0	0	0	0	0	0	0	0	0	0	0	0	0	0	2
visa	0	0	0.690153	0	0	0	0	0	0	0	0	0	0	0	0	0	0	0	0	0	0	0	0	0	1
bradley	0	0	0	0	0	0	0.290854	0	0	0	0	0	0	0	0	0	0	0	0	0	0	0	0	0	1
assured	0	0	0	0	0	0	0	0	0.769255	0	0	0	0	0	0	0	0	0	0	0	0	0	0	0	1
efficiency	0	0	0	0	0	0	0	0	0	0	0	0	0	0	0.274401	0	0	0	0	0	0	0	0	0	1
breast	0	0	0	0	0	0	0	0	0	0	0.353557	0	0	0	0	0	0	0	0	0	0	0	0	0	1
extremists	0	0	0	0.288836	0	0	0	0	0	0	0	0	0	0	0	0	0	0	0	0	0	0	0	0	1
freeze	0	0	0	0	0	0	0	0	0	0	0	0	0	0	0	0	0.359602	0	0	0	0	0	0	0	1
osama	0	0	0	0	0	0	0	0	0	0	0	0	0	0	0	0	0.233976	0	0	0	0	0	0	0.374533	2
giuliani	0	0	0	0	0	0	0	0	0.443282	0.311073	0.398153	0.39144	0	0	0	0	0	0.375197	0	0.37785	0	0	0	0	6
rumsfeld	0	0	0	0.346518	0	0	0	0	0	0	0	0	0	0	0	0	0	0	0	0	0	0	0	0	1
cocaine	0	0	0	0	0	0	0	0	0	0	0	0	0	0	0	0	0	0.369934	0	0	0	0	0	0	1
governors	0	0	0	0.31285	0	0	0	0	0	0	0	0	0	0	0	0	0	0	0	0	0	0	0	0	1
palestine	0	0	0	0	0	0	0	0	0	0.215474	0	0	0	0	0	0	0	0	0	0	0	0	0	0	1
bible	0	0.338735	0	0	0	0	0	0	0	0	0	0	0	0	0	0	0	0	0.253631	0	0	0	0	0	2
sub	0.375677	0	0	0	0	0	0	0	0	0	0	0	0	0	0	0	0	0	0	0	0	0	0	0	1
guantanamo	0	0	0	0	0	0	0	0	0	0	0.384971	0.314201	0	0.320514	0	0	0	0	0	0	0	0	0	0	3
ted	0	0	0	0	0	0	0	0	0	0	0.356352	0	0	0	0	0	0	0	0	0	0	0	0	0	1
slide	0	0	0	0	0	0	0	0	0.766807	0	0	0	0	0	0	0	0	0	0	0	0	0	0	0	1
reid	0	0	0.339326	0	0	0	0	0	0	0	0	0.344801	0	0	0	0	0	0	0	0	0	0	0	0	2
cooper	0	0	0	0	0	0	0	0	0	0	0	0	0	0	0	0	0	0	0	0	0.26347	0	0	0	1
statue	0	0	0	0	0	0	0	0	0	0	0	0	0	0	0	0	0	0	0.2455	0	0	0	0	0	1
richardson	0	0	0	0	0.248187	0.355613	0	0	0	0	0	0	0	0.282338	0	0.286464	0	0	0	0	0	0	0	0	4
ahmadinejad	0	0	0.351747	0	0	0	0	0	0	0	0	0	0.213862	0	0	0	0	0	0	0	0	0	0	0	2
danny	0	0	0	0	0	0	0	0.293778	0	0	0	0	0	0	0	0	0	0	0	0	0	0	0	0	1
fence	0	0	0	0	0	0	0	0	0	0	0	0	0	0	0	0	0	0	0	0	0.819703	0	0	0	1
damascus	0	0	0	0	0	0	0	0.312922	0	0	0	0	0	0	0	0	0	0	0	0	0	0	0	0	1
oliver	0	0	0	0	0	0	0	0	0	0	0	0	0	0	0	0	0.178798	0	0	0	0	0	0	0	1
folks	0	0	0	0	0	0	0	0	0.756422	0	0	0	0	0	0	0	0	0.595957	0	0.617272	0	0	0	0	3
katrina	0	0	0	0	0	0.334623	0	0	0	0	0	0	0	0	0	0	0	0	0	0	0	0	0	0	1
wolf	0	0	0	0	0.322496	0.426794	0.382044	0	0	0.388623	0	0	0	0	0	0	0	0.407304	0.263884	0	0.359415	0	0	0	7
taxpayers	0	0	0	0	0	0	0	0	0	0	0	0	0	0	0	0	0	0	0	0	0	0.213912	0	0	1
columbus	0	0	0	0	0	0	0	0	0	0	0	0	0	0	0	0	0	0	0.259114	0	0	0	0	0	1
impression	0	0	0	0	0	0	0	0	0.712608	0	0	0	0	0	0	0	0	0	0	0	0	0	0	0	1
thirty	0	0	0	0	0	0	0	0	0	0	0	0	0	0	0	0	0	0	0	0.327534	0	0	0	0	1
scholarship	0	0.28418	0	0	0	0	0	0	0	0	0	0	0	0	0	0	0	0	0	0	0	0	0	0	1
duncan	0	0.298791	0	0	0	0	0	0.289619	0	0	0	0	0	0	0	0	0	0	0	0	0.363088	0	0	0	3
nashville	0	0	0	0	0	0	0	0	0	0	0	0	0	0	0	0	0.175413	0	0	0	0	0	0	0	1
maliki	0	0	0	0.365685	0	0	0	0	0	0	0	0	0	0	0	0	0	0	0	0	0	0	0	0	1
pharmaceutical	0	0	0	0.303284	0	0	0	0	0	0	0	0	0	0	0	0	0	0	0	0	0	0	0	0	1
greenhouse	0	0	0	0	0	0	0	0	0	0	0	0	0	0.702004	0	0	0	0	0	0	0	0	0	0	1
roosevelt	0	0	0	0	0	0	0	0.312612	0	0	0	0	0	0	0	0	0	0	0	0	0	0.197995	0	0	2
oversight	0	0	0	0	0	0	0	0	0	0	0	0	0.545623	0	0	0	0	0	0	0	0	0	0	0	1
item	0	0	0	0	0	0	0.401544	0	0	0	0	0	0	0	0	0	0	0	0	0	0	0	0	0	1
romney	0	0	0	0.353008	0	0	0	0	0	0.335588	0.349234	0.347399	0	0	0	0	0	0	0	0.406145	0.352302	0	0.245116	0	7
chuck	0	0.295854	0	0	0	0	0	0	0	0	0	0	0	0	0	0	0	0	0	0	0	0	0	0	1
capability	0	0	0	0	0	0	0	0	0.766807	0	0	0	0	0	0	0	0	0	0	0	0	0	0	0	1
sen	0	0	0	0	0	0	0	0	0	0	0	0	0	0	0	0	0.550436	0	0	0	0	0.212733	0	0	2
congressman	0	0	0.302585	0	0	0	0	0	0	0	0	0	0	0	0	0	0	0	0	0	0	0.548877	0	0	2
mandatory	0	0	0	0	0	0	0	0	0	0	0	0	0	0.697306	0	0	0	0	0	0	0	0	0	0	1
salvador	0	0	0	0	0	0	0	0	0	0	0	0	0	0	0	0	0	0	0	0	0.265187	0	0	0	1
delaware	0	0	0	0	0	0	0	0	0	0	0	0	0	0	0	0	0	0.356076	0	0	0	0	0	0	1
generals	0	0	0	0	0	0	0	0	0	0.332931	0	0	0	0	0	0	0	0	0	0	0	0	0	0	1
sectarian	0	0	0	0	0	0	0	0	0	0	0	0	0	0.702579	0	0	0	0	0	0	0	0	0	0	1
migration	0	0.390172	0	0	0	0	0	0	0	0	0	0	0	0	0	0	0	0	0	0	0	0	0	0	1
holders	0	0	0	0.3163	0	0	0	0	0	0	0	0	0	0	0	0	0	0	0	0	0	0	0	0	1
inventory	0	0	0	0	0	0	0	0	0	0	0	0	0.54564	0	0	0	0	0	0	0	0	0	0	0	1
anwar	0	0	0	0	0	0	0	0	0	0	0	0.306354	0	0	0	0	0	0	0	0	0	0	0	0	1
merit	0	0	0	0	0	0	0	0	0	0	0	0	0	0	0	0	0	0.581498	0	0	0	0	0	0	1
wade	0	0	0	0	0	0	0	0	0	0	0	0.399274	0	0	0	0	0	0	0	0	0	0	0	0	1
lieberman	0	0	0	0	0	0	0	0	0	0	0	0	0	0	0	0	0	0	0	0	0	0.275825	0	0	1
o'neill	0	0	0	0	0	0	0	0	0	0	0	0	0	0	0	0	0	0	0	0	0	0.209355	0	0	1
alternate	0	0	0.694774	0	0	0	0	0	0	0	0	0	0	0	0	0	0	0	0	0	0	0	0	0	1
pork	0	0	0	0	0	0	0	0	0	0	0	0	0	0	0	0	0	0	0	0	0.495838	0.562186	0	0	2
hedge	0	0	0	0	0	0	0.393375	0	0	0	0	0	0	0	0	0	0	0	0	0	0	0	0	0	1
diabetes	0	0	0	0	0	0	0	0	0	0	0	0	0	0.315162	0	0	0	0	0	0	0	0	0	0	1
safer	0	0	0	0	0	0	0	0	0.794391	0	0.386334	0	0	0	0	0	0	0	0	0	0	0	0	0	2
jong	0	0	0	0	0	0	0	0	0	0	0	0	0.209823	0	0	0	0	0	0	0	0	0	0	0	1
deficits	0	0	0	0	0	0	0	0	0	0	0	0	0	0	0	0	0	0	0	0.5523	0	0	0	0	1
bipartisan	0	0	0.747225	0	0	0	0	0	0	0	0	0	0	0	0	0	0	0	0	0	0	0	0	0	1
decent	0	0	0	0	0	0	0	0	0	0	0	0	0	0	0	0.455479	0	0	0	0	0	0	0	0	1
caucus	0	0	0	0	0	0.329808	0	0	0	0	0	0	0	0	0	0	0	0	0	0	0	0	0	0	1
overhead	0	0	0	0	0	0	0	0	0	0	0	0	0	0	0	0	0	0	0	0	0	0.549804	0	0	1
kyoto	0	0	0	0	0	0	0	0	0	0.324073	0	0	0	0	0	0	0	0	0	0	0	0	0	0	1
sanctuary	0	0	0	0	0	0	0	0	0.75038	0	0.445956	0.543056	0	0	0	0	0	0	0	0	0	0	0	0	3
youtube	0	0	0.296141	0	0	0	0	0	0	0	0	0	0	0	0.234134	0	0	0	0	0	0	0	0	0	2
mortgages	0	0	0	0	0	0	0	0	0	0	0	0	0	0	0	0	0	0	0	0	0	0.560857	0	0	1
pkk	0	0.315734	0	0	0	0	0	0	0	0	0	0	0	0	0	0	0	0	0	0	0	0	0	0	1
palin	0.29491	0	0	0	0	0	0	0	0	0	0	0	0	0	0	0	0	0	0	0	0	0	0	0	1
payroll	0	0	0	0	0	0	0	0	0	0	0	0	0	0	0.280924	0	0	0	0	0	0	0	0	0	1
fallujah	0	0	0	0	0	0	0	0	0	0	0	0	0	0	0	0	0	0	0	0	0.378212	0	0	0	1
fathers	0	0.390162	0	0	0	0	0	0	0	0	0	0	0	0	0	0	0	0	0	0	0	0	0	0	1
biden	0.254799	0	0	0	0.274661	0.343231	0.339383	0	0	0	0	0	0.408538	0.31087	0	0.351372	0	0.460487	0	0	0	0	0	0	8
arlington	0	0	0	0	0	0	0	0	0	0.246535	0	0	0	0	0	0	0	0	0	0	0	0	0	0	1
subcommittee	0	0	0.299317	0	0	0	0	0	0	0	0	0	0	0	0	0	0	0	0	0	0	0	0	0	1
loving	0	0.400105	0.719612	0	0	0	0	0	0	0	0	0	0	0	0	0	0	0	0	0	0	0	0	0	2
jackie	0	0	0	0	0	0	0	0	0	0	0	0	0	0	0	0	0	0	0.247567	0	0	0	0	0	1
irs	0	0.426558	0	0	0	0	0	0	0	0	0	0	0	0	0	0	0	0	0	0	0	0	0.243292	0	2
beings	0	0	0	0	0	0	0.498384	0	0	0	0	0	0	0	0	0	0	0	0	0	0	0	0	0	1
brave	0	0	0	0.359084	0	0	0	0	0	0	0	0	0	0	0	0	0	0	0	0	0	0	0	0	1
incomes	0	0	0	0	0	0	0	0	0	0	0	0	0	0	0.269667	0	0	0	0	0	0	0	0	0	1
methodist	0	0	0	0	0.254944	0	0	0	0	0	0	0	0	0	0	0	0	0	0	0	0	0	0	0	1
9/11	0	0	0	0	0	0	0	0	0	0.331415	0	0	0	0	0	0	0	0	0	0	0	0	0	0	1
orientation	0	0	0	0	0	0	0	0	0	0	0	0	0	0.753141	0	0	0	0	0	0	0	0	0	0	1
civilization	0	0	0	0	0	0	0	0.569345	0	0	0	0	0	0	0	0	0	0	0	0	0	0	0	0	1
applause	0	0.57654	0.72255	0.38015	0	0.627334	0.704014	0.656313	0	0	0.599685	0.493358	0	0.852585	0	0.536936	0	0.981139	0.657407	0	0.594536	0	0.269112	0.553308	15
flawed	0	0	0	0	0	0	0	0	0.710313	0	0	0	0	0	0	0	0	0	0	0	0	0	0	0	1
mae	0	0	0	0	0	0	0	0	0	0	0	0	0.233145	0	0	0	0.219712	0	0	0	0	0.212927	0	0	3
armor	0	0	0	0	0	0	0	0	0	0	0	0	0	0	0	0	0	0	0	0	0.50195	0	0	0	1
patriot	0	0	0	0	0	0	0	0	0	0	0	0	0	0	0	0	0	0.58562	0.463623	0	0	0	0	0	2
baking	0	0	0	0	0	0	0	0	0	0	0	0	0	0	0.284981	0	0	0	0	0	0	0	0	0	1
premiums	0	0	0	0	0	0	0	0	0	0	0	0	0	0	0	0	0.351405	0	0	0	0	0	0	0	1
whitman	0	0	0	0	0	0	0	0	0	0	0	0	0	0	0	0	0	0	0	0	0	0.225609	0	0	1
freddie	0	0	0	0	0	0	0	0	0	0	0	0	0.222673	0	0	0	0	0	0	0	0	0.210246	0	0	2
specter	0	0	0	0	0	0.342345	0	0	0	0	0	0	0	0	0	0	0	0	0	0	0	0	0	0	1
enriched	0	0	0	0	0	0	0	0	0	0	0	0	0	0	0	0	0	0.70986	0	0	0	0	0	0	1
wesley	0	0	0	0	0.272971	0	0	0	0	0	0	0	0	0	0	0	0	0	0	0	0	0	0	0	1
subprime	0.369012	0	0	0	0	0	0	0	0	0	0	0	0	0	0	0	0	0	0	0	0	0	0	0	1
levin	0	0	0	0	0	0	0	0	0	0	0	0	0	0	0	0	0	0.310816	0	0	0	0	0	0	1
destructive	0	0	0	0	0	0	0	0	0	0	0	0	0	0	0	0	0	0	0	0.525155	0	0	0	0	1
friedman	0	0	0.368758	0	0	0	0	0	0	0	0	0	0	0	0	0	0	0	0	0	0	0	0	0	1
aig	0	0	0	0	0	0	0	0	0	0	0	0	0	0	0	0	0.194771	0	0	0	0	0	0	0	1
lowe	0	0	0	0	0	0	0	0	0	0	0	0	0	0	0	0.227108	0	0	0	0	0	0	0	0	1
cheers	0	0	0	0	0	0	0	0	0	0	0	0	0	0	0	0	0	0	0.459552	0	0	0	0	0	1
ebay	0	0	0	0	0	0	0	0	0	0	0	0	0	0	0	0	0	0	0	0	0	0.207555	0	0	1
extremism	0	0	0	0.315396	0	0	0	0	0	0	0	0	0	0	0	0	0	0	0	0	0	0	0	0	1
patrolling	0	0	0	0	0	0	0	0.542088	0	0	0	0	0	0	0	0	0	0	0	0	0	0	0	0	1
clip	0	0.419546	0	0	0	0	0.397173	0	0	0	0	0	0	0	0	0	0	0.61745	0	0	0	0	0	0	3
unstable	0	0	0	0	0	0	0	0	0	0.293844	0	0	0	0	0	0	0	0	0	0	0	0	0	0	1
joey	0.182416	0	0	0	0	0	0	0	0	0	0	0	0	0	0	0	0	0	0	0	0	0	0	0	1
kindergarten	0	0	0	0	0	0	0	0	0	0	0	0	0	0.72423	0	0	0	0	0	0	0	0	0	0	1
exxon	0	0	0	0	0	0	0	0	0	0	0	0.291292	0	0	0	0	0	0	0	0	0	0	0	0	1
truman	0	0	0	0	0	0	0.328083	0	0	0	0	0	0	0	0	0	0	0	0	0	0	0	0	0	1
cookies	0	0	0	0	0	0	0	0	0	0	0	0	0	0	0.284981	0	0	0	0	0	0	0	0	0	1
lancaster	0	0	0	0	0.253771	0	0	0	0	0	0	0	0	0	0	0	0	0	0	0	0	0	0	0	1
retirees	0	0	0	0	0	0	0	0	0	0	0.389075	0	0	0	0	0	0	0	0	0	0	0	0	0	1
sanctioned	0	0	0	0	0	0	0	0	0	0.327072	0	0	0	0	0	0	0	0	0	0	0	0	0	0	1
rove	0	0	0	0	0	0	0	0.304188	0	0	0	0	0	0	0	0	0	0	0	0	0	0	0	0	1
rudy	0	0	0	0.336884	0	0	0	0	0.427163	0.317848	0.320156	0	0	0	0	0	0	0.375197	0	0.37785	0	0	0	0	6
emission	0	0	0	0	0	0	0	0	0	0	0	0	0	0	0	0	0	0	0	0.542232	0	0	0	0	1
cleaner	0	0	0	0	0	0	0	0	0.752783	0	0	0	0	0	0	0	0	0	0	0	0	0	0	0	1
40-year	0	0	0	0	0	0	0	0	0	0.215474	0	0	0	0	0	0	0	0	0	0	0	0	0	0	1
dodd	0	0	0	0	0	0.347446	0.33113	0	0	0	0	0	0	0	0	0.406924	0	0	0	0	0	0	0	0	3
verification	0	0	0	0	0	0	0	0	0	0	0	0.5644	0	0	0	0	0	0	0	0	0	0	0	0	1
petraeus	0	0	0	0	0	0	0	0.308795	0	0	0	0	0.217124	0	0.18996	0	0	0	0	0	0	0.230555	0.274876	0	5
belmont	0	0	0	0	0	0	0	0	0	0	0	0	0	0	0	0	0.192649	0	0	0	0	0.228099	0	0	2
manipulation	0	0	0	0	0	0	0	0	0	0	0	0	0	0	0.18398	0	0	0	0	0	0	0	0	0	1
laughter	0	0	0	0.297547	0.471925	0	0.523916	0	0.698384	0	0.442597	0	0	0	0	0	0	0.746973	0	0	0	0	0	0	6
fannie	0	0	0	0	0	0	0	0	0	0	0	0	0.233145	0	0	0	0.219712	0	0	0	0	0.212927	0	0	3
bauer	0	0	0	0	0	0	0	0.341298	0	0	0	0	0	0	0	0	0	0	0	0	0	0	0	0	1
weaponry	0	0	0	0	0	0	0	0	0	0	0	0	0.5534	0	0	0	0	0	0	0	0	0	0	0	1
teddy	0	0	0	0	0	0	0	0.312612	0	0	0	0	0	0	0	0	0	0	0	0	0	0.197995	0	0	2
norris	0	0.295854	0	0	0	0	0	0	0	0	0	0	0	0	0	0	0	0	0	0	0	0	0	0	1
huckabee	0	0.300281	0	0.340659	0	0	0	0	0	0.339122	0.457438	0	0	0	0	0	0	0	0	0.422084	0	0	0	0	5
buffett	0	0	0	0	0	0	0	0	0	0	0	0	0	0	0	0.235156	0.207043	0	0	0	0	0.198249	0	0	3
gregg	0	0	0	0.31125	0	0	0	0	0	0	0	0	0	0	0	0	0	0	0	0	0	0	0	0	1
anbar	0	0	0.296326	0	0	0	0	0	0	0	0	0	0	0	0	0	0	0	0	0	0.316214	0	0	0	2
gravel	0	0	0	0	0	0	0.374753	0	0	0	0	0	0	0	0	0	0	0	0.254831	0	0	0	0	0	2
erie	0	0	0	0	0.253639	0	0	0	0	0	0	0	0	0	0	0	0	0	0	0	0	0	0	0	1
naacp	0	0	0	0	0	0	0	0.303725	0	0	0	0	0	0	0	0	0	0	0	0	0	0	0	0	1
african-american	0	0	0	0	0	0	0.395477	0	0	0.327174	0	0	0	0	0	0	0	0	0	0	0	0	0	0	2
reverend	0	0	0	0	0.251056	0	0	0	0	0	0	0	0	0	0.322613	0	0	0	0	0	0	0	0	0	2
wilmington	0.204686	0	0	0	0	0	0	0	0	0	0	0	0	0	0	0	0	0	0	0	0	0	0	0	1
roe	0	0	0	0	0	0	0	0	0	0	0	0.400198	0	0	0	0	0	0	0	0	0	0	0	0	1
heel	0.350645	0	0	0	0	0	0	0	0	0	0	0	0	0	0	0	0	0	0	0	0	0	0	0	1
arrogant	0	0	0	0	0	0	0	0	0.806379	0	0	0	0	0	0	0	0	0	0	0	0	0	0	0	1
suzanne	0	0	0	0	0	0	0	0	0	0	0	0	0	0	0	0	0	0.334346	0	0	0	0	0	0	1
nafta	0	0	0	0	0	0	0	0.291732	0	0	0	0	0	0	0	0	0	0	0.549633	0	0	0	0	0.311852	3
mitt	0	0.478182	0	0	0	0	0	0	0	0	0.408747	0.347399	0	0	0	0	0	0	0	0	0	0	0	0	3
inequality	0	0	0	0	0	0	0	0	0	0	0	0	0	0	0.282951	0	0	0	0	0	0	0	0	0	1
comptroller	0	0	0	0	0	0	0.286358	0	0	0	0	0	0	0	0	0	0	0	0	0	0	0	0	0	1
marian	0	0	0	0	0	0.3062	0	0	0	0	0	0	0	0	0	0	0	0	0	0	0	0	0	0	1
maverick	0.413302	0	0	0	0	0	0	0	0	0	0	0	0	0	0	0	0	0	0	0	0	0	0	0	1
mansfield	0.169211	0	0	0	0	0	0	0	0	0	0	0	0	0	0	0	0	0	0	0	0	0	0	0	1
pathway	0	0	0	0	0	0	0	0	0	0	0	0.588884	0	0	0	0	0	0	0	0	0	0	0	0	1
pac	0	0	0	0	0	0	0	0	0	0	0	0	0	0	0.190196	0	0	0	0	0	0	0	0	0	1
achilles	0.350645	0	0	0	0	0	0	0	0	0	0	0	0	0	0	0	0	0	0	0	0	0	0	0	1
jeb	0	0	0	0.410869	0	0	0	0	0	0	0	0	0	0	0	0	0	0	0	0	0	0	0	0	1
maze	0	0.397946	0	0	0	0	0	0	0	0	0	0	0	0	0	0	0	0	0	0	0	0	0	0	1
moines	0	0	0	0	0	0	0	0.299815	0	0	0	0	0	0	0	0	0	0	0	0	0	0	0	0	1
judd	0	0	0	0.31125	0	0	0	0	0	0	0	0	0	0	0	0	0	0	0	0	0	0	0	0	1
hardships	0	0	0	0	0	0	0	0	0	0	0	0	0	0	0.287464	0	0	0	0	0	0	0	0	0	1
gilmore	0	0	0	0	0	0	0	0	0	0.348304	0	0	0	0	0	0	0	0	0	0	0	0	0	0	1
windfall	0.405711	0	0	0	0	0	0	0	0.754805	0	0	0	0	0	0	0	0	0	0	0	0	0	0	0	2
kissinger	0	0	0	0	0	0	0	0	0	0	0	0	0.196045	0	0	0	0	0	0	0	0	0	0	0	1
contesting	0	0	0	0	0.308463	0	0	0	0	0	0	0	0	0	0	0	0	0	0	0	0	0	0	0	1
armitage	0	0	0	0	0	0	0	0	0	0	0	0	0	0	0	0	0	0	0	0	0	0	0.240901	0	1
meg	0	0	0	0	0	0	0	0	0	0	0	0	0	0	0	0	0	0	0	0	0	0.225609	0	0	1
suicidal	0	0	0	0	0.472353	0	0	0	0	0	0	0	0	0	0	0	0	0	0	0	0	0	0	0	1
lawful	0	0	0	0	0.503726	0	0	0	0	0	0	0	0	0	0	0	0	0	0	0	0	0	0	0	1
feingold	0	0	0	0	0	0	0	0	0	0	0	0	0	0	0	0	0	0	0	0	0	0.223279	0	0	1
creed	0	0	0	0	0	0	0	0	0	0	0	0	0	0	0	0	0	0	0	0.529562	0	0	0	0	1
arlen	0	0	0	0	0	0.342345	0	0	0	0	0	0	0	0	0	0	0	0	0	0	0	0	0	0	1
entitlement	0	0	0	0	0	0	0	0	0	0	0.395169	0	0	0	0	0	0	0	0	0	0	0	0	0	1
gwen	0.468053	0	0	0	0	0	0	0	0	0	0	0	0.243238	0	0	0	0	0	0	0	0	0	0	0	2
residual	0	0	0	0	0	0	0	0	0	0	0	0	0	0.888934	0	0	0	0	0	0	0	0	0	0	1
wendell	0	0	0	0	0	0	0	0	0	0.353333	0	0	0	0	0	0	0	0	0	0	0.316172	0	0	0	2
grassley	0	0	0	0	0	0	0	0	0	0	0.342875	0	0	0	0	0	0	0	0	0	0	0	0	0	1
kagan	0	0	0	0	0	0	0	0	0	0	0	0.344149	0	0	0	0	0	0	0	0	0	0	0	0	1
chertoff	0	0	0	0.338654	0	0	0	0	0	0	0	0	0	0	0	0	0	0	0	0	0	0	0	0	1
woodrow	0	0	0	0	0	0	0	0	0	0	0	0	0	0	0	0	0	0	0	0	0	0	0	0.322739	1
h.w.	0	0	0	0	0	0	0	0	0	0	0	0	0	0	0.234212	0	0	0	0	0	0	0	0	0	1
durbin	0	0	0	0	0	0	0.311994	0	0	0	0	0	0	0	0	0	0	0	0	0	0	0	0	0	1
nea	0	0	0	0	0	0	0	0	0.437046	0	0	0	0	0	0	0	0	0	0	0	0	0	0	0	1
sadat	0	0	0	0	0	0	0	0	0	0	0	0.306354	0	0	0	0	0	0	0	0	0	0	0	0	1
disproportionately	0	0	0	0	0	0	0	0	0	0	0	0	0	0	0	0	0	0	0	0.525155	0	0	0	0	1
wasteful	0	0	0	0.288269	0	0	0	0	0	0	0	0	0	0	0	0	0	0	0	0	0	0	0	0	1
vantage	0	0	0	0	0	0	0	0	0.784452	0	0	0	0	0	0	0	0	0	0	0	0	0	0	0	1
brownback	0	0	0.320456	0	0	0	0	0	0	0	0.32583	0	0	0	0	0	0	0	0	0	0	0	0	0	2
topeka	0	0	0.352338	0	0	0	0	0	0	0	0	0	0	0	0	0	0	0	0	0	0	0	0	0	1
coburn	0	0	0	0	0	0	0	0	0	0	0	0	0	0	0.196567	0	0	0	0	0	0	0	0	0	1
scranton	0.172213	0	0	0	0.24902	0	0	0	0	0	0	0	0	0	0	0	0	0	0	0	0	0	0	0	2
tort	0	0	0	0	0	0	0	0	0	0	0.402843	0	0	0	0	0	0	0	0	0	0	0	0	0	1
palate	0	0	0	0	0	0	0	0	0	0	0	0	0	0	0	0.230032	0	0	0	0	0	0	0	0	1
fdr	0	0	0	0	0	0	0.325097	0	0	0	0	0	0	0	0	0	0	0	0	0	0	0	0	0	1
irbil	0	0.303488	0	0	0	0	0	0	0	0	0	0	0	0	0	0	0	0	0	0	0	0	0	0	1
kucinich	0	0	0	0	0	0	0	0	0	0	0	0	0	0	0	0	0	0	0.502361	0	0	0	0	0	1
barrios	0	0	0	0	0	0.322568	0	0	0	0	0	0	0	0	0	0	0	0	0	0	0	0	0	0	1
not-for-profit	0	0	0	0	0	0	0	0	0	0	0	0	0	0	0	0	0	0	0.732528	0	0	0	0	0	1
dix	0	0	0	0.332215	0	0	0	0	0	0	0	0	0	0	0	0	0	0	0	0	0	0	0	0	1
edelman	0	0	0	0	0	0.3062	0	0	0	0	0	0	0	0	0	0	0	0	0	0	0	0	0	0	1
projector	0	0	0	0	0	0	0	0	0	0	0	0	0	0	0	0	0	0	0	0	0	0.549804	0	0	1
trilateral	0	0	0	0	0	0	0	0	0	0	0	0	0	0	0	0	0	0	0	0	0	0	0	0.311654	1
aerosmith	0	0.298319	0	0	0	0	0	0	0	0	0	0	0	0	0	0	0	0	0	0	0	0	0	0	1
inalienable	0	0	0	0.30869	0	0	0	0	0	0	0	0	0	0	0	0	0	0	0	0.533208	0	0	0	0	2
earmark	0	0	0	0	0	0	0	0	0	0	0	0	0	0	0	0	0	0	0	0	0	0.55655	0	0	1
cronyism	0	0	0	0	0	0	0	0	0	0	0	0	0	0	0	0	0	0	0	0	0	0.209193	0	0	1
dinkins	0	0	0	0	0	0	0	0	0	0	0	0	0	0	0	0	0	0	0	0	0	0	0.260322	0	1
tancredo	0	0	0	0	0	0	0	0.345094	0	0	0	0	0	0	0	0	0	0	0	0	0	0	0	0	1
dietz	0	0	0	0	0	0	0	0.293778	0	0	0	0	0	0	0	0	0	0	0	0	0	0	0	0	1
tonkin	0	0	0	0	0	0	0	0	0	0	0	0	0	0	0	0	0	0	0	0	0	0	0	0.307835	1
linder	0	0	0	0	0	0	0	0.311626	0	0	0	0	0	0	0	0	0	0	0	0	0	0	0	0	1
self-government	0	0	0	0	0	0	0	0	0	0	0	0	0	0	0	0	0	0	0	0.526183	0	0	0	0	1
cleft	0	0	0	0	0	0	0	0	0	0	0	0	0	0	0	0.230032	0	0	0	0	0	0	0	0	1
sayyid	0	0	0	0	0	0	0	0	0	0	0	0.307419	0	0	0	0	0	0	0	0	0	0	0	0	1
anselm	0	0	0.314628	0	0	0	0	0	0	0	0	0	0	0	0	0	0	0	0	0	0	0	0	0	1
pro-life	0	0	0	0	0	0	0	0	0	0	0.483553	0	0	0	0	0	0	0	0	0	0	0	0	0	1
latrobe	0	0	0	0	0	0	0	0	0	0	0	0	0	0	0.247589	0	0	0	0	0	0	0	0	0	1
cliques	0	0	0	0	0	0	0	0	0	0	0	0	0	0	0	0	0	0	0	0.546912	0	0	0	0	1
iacocca	0	0	0	0	0	0	0.351149	0	0	0	0	0	0	0	0	0	0	0	0	0	0	0	0	0	1
refundable	0	0	0	0	0	0	0	0	0	0	0	0	0	0	0	0	0	0	0	0	0	0.62405	0	0	1
anwr	0	0	0.346981	0	0	0	0	0	0	0	0	0	0	0	0	0	0	0	0	0	0	0	0	0	1
qutb	0	0	0	0	0	0	0	0	0	0	0	0.307419	0	0	0	0	0	0	0	0	0	0	0	0	1
curriculums	0	0	0	0	0	0	0	0	0	0	0	0	0	0.710341	0	0	0	0	0	0	0	0	0	0	1
scraggly	0	0	0	0	0	0	0	0	0	0	0	0	0	0	0	0	0	0	0	0	0.530986	0	0	0	1
health-care	0	0	0	0	0	0	0	0.541535	0	0	0	0	0	0	0	0	0	0	0	0	0	0	0	0	1
d.c	0	0	0	0	0	0	0	0	0	0	0	0	0	0	0	0.325754	0	0	0	0	0	0	0	0	1
g.w.	0	0	0	0	0	0	0	0	0	0	0	0	0	0	0	0	0	0	0	0.416215	0	0	0	0	1
ifill	0.178308	0	0	0	0	0	0	0	0	0	0	0	0	0	0	0	0	0	0	0	0	0	0	0	1
wurzelbacher	0	0	0	0	0	0	0	0	0	0	0	0	0	0	0	0	0	0	0	0	0	0.235731	0	0	1
no-fly	0	0	0	0	0	0	0	0	0	0	0	0	0	0	0	0	0	0.686257	0	0	0	0	0	0	1
tavis	0	0	0	0	0	0.365104	0	0.285549	0	0	0	0	0	0	0	0	0	0	0	0	0	0	0	0	2
crosstalk	0	0	0	0	0	0	0	0	0.732602	0	0	0	0	0	0	0	0	0	0	0	0	0	0	0	1
phys	0	0	0	0	0	0	0	0	0	0	0	0	0	0.697306	0	0	0	0	0	0	0	0	0	0	1
full-day	0	0	0	0	0	0	0	0	0	0	0	0	0	0.72423	0	0	0	0	0	0	0	0	0	0	1
danco	0.182416	0	0	0	0	0	0	0	0	0	0	0	0	0	0	0	0	0	0	0	0	0	0	0	1
vessey	0	0	0	0.3321	0	0	0	0	0	0	0	0	0	0	0	0	0	0	0	0	0	0	0	0	1
claymont	0.165939	0	0	0	0	0	0	0	0	0	0	0	0	0	0	0	0	0	0	0	0	0	0	0	1
high-paying	0	0	0	0	0	0	0	0	0	0	0	0	0	0	0	0	0	0	0	0	0.671453	0	0	0	1
three-times	0	0	0	0	0	0	0	0	0	0	0	0.517175	0	0	0	0	0	0	0	0	0	0	0	0	1
malveaux	0	0	0	0	0	0	0	0	0	0	0	0	0	0	0	0	0	0.334346	0	0	0	0	0	0	1
iatse	0	0	0	0	0	0	0	0	0	0	0	0	0	0	0	0	0	0	0.237564	0	0	0	0	0	1
across-the-board	0	0	0	0	0	0	0	0	0	0	0	0	0	0	0	0	0.359602	0	0	0	0	0	0	0	1
baskin-robbins	0	0	0	0	0	0	0.395401	0	0	0	0	0	0	0	0	0	0	0	0	0	0	0	0	0	1
three-state	0	0	0.760632	0	0	0	0	0	0	0	0	0	0	0	0	0	0	0	0	0	0	0	0	0	1
